"","X","중국_생산량.10000톤.","X.1","중국_수입량.10000톤.","X.2","미국_수입량","LME_date...톤.","알루미늄","전기동","연","아연","주석","니켈","X.3","브라질_수출량.1000톤.","공급사_주가","BHP_close","RIO_close","VALE_close","날짜","PDS.원자재.지수","날짜.1","USD.RMB_환율","기준일","철광석_가격","날짜.2","USD.BRL..미국.달러...브라질.레알.","날짜.3","AUD.USD..호주.달러...미국.달러.","중국_재고량","inventory.index"
"1",NA,NA,NA,NA,NA,NA,NA,NA,NA,NA,NA,NA,NA,NA,NA,NA,NA,NA,NA,NA,NA,NA,NA,NA,NA,NA,NA,NA,NA,NA,NA
"2","2013-07-01","12275.1","2013-07-01","7314.303","2013-07-01","2,286,567","2013-07-01","1768","6,893","2,048","1,836","19,589","13,705","2013-07-01",NA,"2013-07-08","60.68","42.16","13.29","",NA,"2013-07-08","6.17","2013-07-12","125.3","2013-07-08","2.26","2013-07-08","0.92","2013-07-12","73.04"
"3","2013-07-01","12275.1","2013-07-01","7314.303","2013-07-01","2,286,567","2013-07-01","1768","6,893","2,048","1,836","19,589","13,705","2013-07-01",NA,"2013-07-15","62.6","44.35","13.82","",NA,"2013-07-15","6.17","2013-07-19","133.13","2013-07-15","2.23","2013-07-15","0.92","2013-07-19","72.03"
"4","2013-07-01","12275.1","2013-07-01","7314.303","2013-07-01","2,286,567","2013-07-01","1768","6,893","2,048","1,836","19,589","13,705","2013-07-01",NA,"2013-07-22","64.29","45.4","14.39","",NA,"2013-07-22","6.17","2013-07-26","131.2","2013-07-22","2.24","2013-07-22","0.92","2013-07-26","72.66"
"5","2013-07-01","12275.1","2013-07-01","7314.303","2013-07-01","2,286,567","2013-07-01","1768","6,893","2,048","1,836","19,589","13,705","2013-07-01",NA,"2013-07-29","63.48","46.2","13.75","",NA,"2013-07-29","6.18","2013-08-02","131.7","2013-07-29","2.28","2013-07-29","0.9","2013-08-02","72.41"
"6","2013-08-01","13134.7","2013-08-01","6900.812","2013-08-01","2,611,215","2013-08-01","1815","7,182","2,173","1,895","21,629","14,282","2013-08-01",NA,"2013-08-05","67.68","49.81","15.51","",NA,"2013-08-05","6.17","2013-08-09","133.8","2013-08-05","2.29","2013-08-05","0.9","2013-08-09","71.03"
"7","2013-08-01","13134.7","2013-08-01","6900.812","2013-08-01","2,611,215","2013-08-01","1815","7,182","2,173","1,895","21,629","14,282","2013-08-01",NA,"2013-08-12","67.54","48.37","15.37","",NA,"2013-08-12","6.17","2013-08-16","140.6","2013-08-12","2.33","2013-08-12","0.91","2013-08-16","71.48"
"8","2013-08-01","13134.7","2013-08-01","6900.812","2013-08-01","2,611,215","2013-08-01","1815","7,182","2,173","1,895","21,629","14,282","2013-08-01",NA,"2013-08-19","64.55","47.68","15.37","",NA,"2013-08-19","6.17","2013-08-23","138.9","2013-08-19","2.41","2013-08-19","0.9","2013-08-23","71.04"
"9","2013-08-01","13134.7","2013-08-01","6900.812","2013-08-01","2,611,215","2013-08-01","1815","7,182","2,173","1,895","21,629","14,282","2013-08-01",NA,"2013-08-26","63.28","45.11","14.41","",NA,"2013-08-26","6.17","2013-08-30","139","2013-08-26","2.37","2013-08-26","0.9","2013-08-30","72.99"
"10","2013-09-01","13784.5","2013-09-01","7458.345","2013-09-01","2,557,970","2013-09-01","1,760","7,161","2,088","1,848","22,747","13,780","2013-09-01",NA,"2013-09-02","64.93","48.11","15.62","",NA,"2013-09-02","6.17","2013-09-06","137.7","2013-09-02","2.35","2013-09-02","0.91","2013-09-06","73.62"
"11","2013-09-01","13784.5","2013-09-01","7458.345","2013-09-01","2,557,970","2013-09-01","1,760","7,161","2,088","1,848","22,747","13,780","2013-09-01",NA,"2013-09-09","66.58","49.99","16.04","",NA,"2013-09-09","6.16","2013-09-13","135.4","2013-09-09","2.28","2013-09-09","0.93","2013-09-13","72.55"
"12","2013-09-01","13784.5","2013-09-01","7458.345","2013-09-01","2,557,970","2013-09-01","1,760","7,161","2,088","1,848","22,747","13,780","2013-09-01",NA,"2013-09-16","67.37","49.36","16.18","",NA,"2013-09-16","6.16","2013-09-20","132.1","2013-09-16","2.23","2013-09-16","0.94","2013-09-20","71.89"
"13","2013-09-01","13784.5","2013-09-01","7458.345","2013-09-01","2,557,970","2013-09-01","1,760","7,161","2,088","1,848","22,747","13,780","2013-09-01",NA,"2013-09-23","67.15","49.48","15.6","",NA,"2013-09-23","6.15","2013-09-27","133.3","2013-09-23","2.23","2013-09-23","0.94","2013-09-27","72.33"
"14","2013-09-01","13784.5","2013-09-01","7458.345","2013-09-01","2,557,970","2013-09-01","1,760","7,161","2,088","1,848","22,747","13,780","2013-09-01",NA,"2013-09-30","66.51","48.59","15.61","",NA,"2013-09-30","6.15","2013-10-04","131.5","2013-09-30","2.21","2013-09-30","0.94","2013-10-11","76.52"
"15","2013-10-01","13548.4","2013-10-01","6783.43","2013-10-01","2,813,240","2013-10-01","1,812","7,189","2,111","1,883","23,128","14,070","2013-10-01",NA,"2013-10-07","67.15","49.28","15.51","",NA,"2013-10-07","6.14","2013-10-11","132.4","2013-10-07","2.2","2013-10-07","0.94","2013-10-18","77.37"
"16","2013-10-01","13548.4","2013-10-01","6783.43","2013-10-01","2,813,240","2013-10-01","1,812","7,189","2,111","1,883","23,128","14,070","2013-10-01",NA,"2013-10-14","69.6","51.87","16.11","",NA,"2013-10-14","6.14","2013-10-18","135","2013-10-14","2.17","2013-10-14","0.96","2013-10-25","80.36"
"17","2013-10-01","13548.4","2013-10-01","6783.43","2013-10-01","2,813,240","2013-10-01","1,812","7,189","2,111","1,883","23,128","14,070","2013-10-01",NA,"2013-10-21","71.93","52.26","16.08","",NA,"2013-10-21","6.13","2013-10-25","133.9","2013-10-21","2.18","2013-10-21","0.96","2013-11-01","79.67"
"18","2013-10-01","13548.4","2013-10-01","6783.43","2013-10-01","2,813,240","2013-10-01","1,812","7,189","2,111","1,883","23,128","14,070","2013-10-01",NA,"2013-10-28","70.96","51.17","16.38","",NA,"2013-10-28","6.14","2013-11-01","132.8","2013-10-28","2.21","2013-10-28","0.95","2013-11-08","82.16"
"19","2013-11-01","13855.8","2013-11-01","7784.395","2013-11-01","2,351,924","2013-11-01","1,749","7,066","2,090","1,869","22,857","13,729","2013-11-01",NA,"2013-11-04","71.86","53.17","15.98","",NA,"2013-11-04","6.14","2013-11-08","137.5","2013-11-04","2.29","2013-11-04","0.95","2013-11-15","83.98"
"20","2013-11-01","13855.8","2013-11-01","7784.395","2013-11-01","2,351,924","2013-11-01","1,749","7,066","2,090","1,869","22,857","13,729","2013-11-01",NA,"2013-11-11","71.37","52.5","15.77","",NA,"2013-11-11","6.14","2013-11-15","137.6","2013-11-11","2.33","2013-11-11","0.93","2013-11-22","85.51"
"21","2013-11-01","13855.8","2013-11-01","7784.395","2013-11-01","2,351,924","2013-11-01","1,749","7,066","2,090","1,869","22,857","13,729","2013-11-01",NA,"2013-11-18","69.04","51.73","15.46","",NA,"2013-11-18","6.13","2013-11-22","136.5","2013-11-18","2.28","2013-11-18","0.93","2013-11-29","87.43"
"22","2013-11-01","13855.8","2013-11-01","7784.395","2013-11-01","2,351,924","2013-11-01","1,749","7,066","2,090","1,869","22,857","13,729","2013-11-01",NA,"2013-11-25","68.22","53.05","15.32","",NA,"2013-11-25","6.13","2013-11-29","136","2013-11-25","2.31","2013-11-25","0.91","2013-12-06","88.66"
"23","2013-12-01","13233.8","2013-12-01","7337.772","2013-12-01","2,274,129","2013-12-01","1,737","7,203","2,133","1,974","22,835","13,915","2013-12-01",NA,"2013-12-02","67.53","53.84","15.25","",NA,"2013-12-02","6.13","2013-12-06","138.7","2013-12-02","2.36","2013-12-02","0.91","2013-12-13","87.35"
"24","2013-12-01","13233.8","2013-12-01","7337.772","2013-12-01","2,274,129","2013-12-01","1,737","7,203","2,133","1,974","22,835","13,915","2013-12-01",NA,"2013-12-09","63.74","51.78","14.67","",NA,"2013-12-09","6.11","2013-12-13","138.9","2013-12-09","2.33","2013-12-09","0.9","2013-12-20","88.57"
"25","2013-12-01","13233.8","2013-12-01","7337.772","2013-12-01","2,274,129","2013-12-01","1,737","7,203","2,133","1,974","22,835","13,915","2013-12-01",NA,"2013-12-16","65.99","53.83","14.43","",NA,"2013-12-16","6.11","2013-12-20","134.7","2013-12-16","2.34","2013-12-16","0.89","2013-12-27","88.62"
"26","2013-12-01","13233.8","2013-12-01","7337.772","2013-12-01","2,274,129","2013-12-01","1,737","7,203","2,133","1,974","22,835","13,915","2013-12-01",NA,"2013-12-23","67.41","55.63","15.23","",NA,"2013-12-23","6.11","2013-12-27","133.83","2013-12-23","2.35","2013-12-23","0.89","2014-01-03","89.3"
"27","2013-12-01","13233.8","2013-12-01","7337.772","2013-12-01","2,274,129","2013-12-01","1,737","7,203","2,133","1,974","22,835","13,915","2013-12-01",NA,"2013-12-30","67.52","55.11","14.33","",NA,"2013-12-30","6.1","2014-01-03","135","2013-12-30","2.37","2013-12-30","0.89","2014-01-10","91.44"
"28","2014-01-01","9788.3","2014-01-01","8683.461","2014-01-01","2,907,755","2014-01-01","1,726","7,295","2,149","2,038","22,072","14,079","2014-01-01",NA,"2014-01-06","65.8","51.94","13.72","",NA,"2014-01-06","6.11","2014-01-10","134.2","2014-01-06","2.38","2014-01-06","0.89","2014-01-17","96.09"
"29","2014-01-01","9788.3","2014-01-01","8683.461","2014-01-01","2,907,755","2014-01-01","1,726","7,295","2,149","2,038","22,072","14,079","2014-01-01",NA,"2014-01-13","67.05","55.04","13.79","",NA,"2014-01-13","6.1","2014-01-17","131.1","2014-01-13","2.35","2014-01-13","0.89","2014-01-24","98.12"
"30","2014-01-01","9788.3","2014-01-01","8683.461","2014-01-01","2,907,755","2014-01-01","1,726","7,295","2,149","2,038","22,072","14,079","2014-01-01",NA,"2014-01-20","62.99","51.18","12.9","",NA,"2014-01-20","6.11","2014-01-24","125.7","2014-01-20","2.38","2014-01-20","0.88","2014-02-07","102.86"
"31","2014-01-01","9788.3","2014-01-01","8683.461","2014-01-01","2,907,755","2014-01-01","1,726","7,295","2,149","2,038","22,072","14,079","2014-01-01",NA,"2014-01-27","63.95","53.15","13.6","",NA,"2014-01-27","6.11","2014-01-31","125.5","2014-01-27","2.42","2014-01-27","0.88","2014-02-14","106.12"
"32","2014-02-01","8841","2014-02-01","6124.212","2014-02-01","2,980,898","2014-02-01","1,694","7,152","2,110","2,035","22,809","14,195","2014-02-01",NA,"2014-02-03","65.65","56.17","14.38","",NA,"2014-02-03","6.11","2014-02-07","124.2","2014-02-03","2.4","2014-02-03","0.89","2014-02-21","107.2"
"33","2014-02-01","8841","2014-02-01","6124.212","2014-02-01","2,980,898","2014-02-01","1,694","7,152","2,110","2,035","22,809","14,195","2014-02-01",NA,"2014-02-10","68.32","58.9","14.66","",NA,"2014-02-10","6.11","2014-02-14","122.9","2014-02-10","2.4","2014-02-10","0.9","2014-02-28","106.01"
"34","2014-02-01","8841","2014-02-01","6124.212","2014-02-01","2,980,898","2014-02-01","1,694","7,152","2,110","2,035","22,809","14,195","2014-02-01",NA,"2014-02-17","70.64","59.69","14.73","",NA,"2014-02-17","6.11","2014-02-21","125.1","2014-02-17","2.38","2014-02-17","0.9","2014-03-07","108.57"
"35","2014-02-01","8841","2014-02-01","6124.212","2014-02-01","2,980,898","2014-02-01","1,694","7,152","2,110","2,035","22,809","14,195","2014-02-01",NA,"2014-02-24","68.9","57.3","14.17","",NA,"2014-02-24","6.12","2014-02-28","119.2","2014-02-24","2.34","2014-02-24","0.9","2014-03-14","110.65"
"36","2014-03-01","12133.8","2014-03-01","7396.186","2014-03-01","2,933,841","2014-03-01","1,704","6,668","2,056","2,014","23,098","15,660","2014-03-01",NA,"2014-03-03","66.71","53.39","13.04","",NA,"2014-03-03","6.12","2014-03-07","116.6","2014-03-03","2.33","2014-03-03","0.9","2014-03-21","111.93"
"37","2014-03-01","12133.8","2014-03-01","7396.186","2014-03-01","2,933,841","2014-03-01","1,704","6,668","2,056","2,014","23,098","15,660","2014-03-01",NA,"2014-03-10","64.24","52.11","12.49","",NA,"2014-03-10","6.13","2014-03-14","109.2","2014-03-10","2.36","2014-03-10","0.9","2014-03-28","111.58"
"38","2014-03-01","12133.8","2014-03-01","7396.186","2014-03-01","2,933,841","2014-03-01","1,704","6,668","2,056","2,014","23,098","15,660","2014-03-01",NA,"2014-03-17","64.75","52.65","13.04","",NA,"2014-03-17","6.14","2014-03-21","110.75","2014-03-17","2.34","2014-03-17","0.91","2014-04-04","111.02"
"39","2014-03-01","12133.8","2014-03-01","7396.186","2014-03-01","2,933,841","2014-03-01","1,704","6,668","2,056","2,014","23,098","15,660","2014-03-01",NA,"2014-03-24","67.43","54.74","13.68","",NA,"2014-03-24","6.15","2014-03-28","112.6","2014-03-24","2.29","2014-03-24","0.92","2014-04-11","111.65"
"40","2014-03-01","12133.8","2014-03-01","7396.186","2014-03-01","2,933,841","2014-03-01","1,704","6,668","2,056","2,014","23,098","15,660","2014-03-01",NA,"2014-03-31","69.9","55.3","14.48","",NA,"2014-03-31","6.15","2014-04-04","116.7","2014-03-31","2.26","2014-03-31","0.93","2014-04-18","110.58"
"41","2014-04-01","12374.4","2014-04-01","8338.666","2014-04-01","3,391,086","2014-04-01","1,809","6,671","2,086","2,031","23,422","17,375","2014-04-01",NA,"2014-04-07","70.4","55.71","14.76","",NA,"2014-04-07","6.15","2014-04-11","117.37","2014-04-07","2.21","2014-04-07","0.94","2014-04-25","112.63"
"42","2014-04-01","12374.4","2014-04-01","8338.666","2014-04-01","3,391,086","2014-04-01","1,809","6,671","2,086","2,031","23,422","17,375","2014-04-01",NA,"2014-04-14","71.15","55.26","14.1","",NA,"2014-04-14","6.16","2014-04-25","112.69","2014-04-14","2.23","2014-04-14","0.94","2014-05-02","113.06"
"43","2014-04-01","12374.4","2014-04-01","8338.666","2014-04-01","3,391,086","2014-04-01","1,809","6,671","2,086","2,031","23,422","17,375","2014-04-01",NA,"2014-04-21","70.75","55.06","13.51","",NA,"2014-04-21","6.16","2014-05-02","107.43","2014-04-21","2.23","2014-04-21","0.93","2014-05-09","112.6"
"44","2014-04-01","12374.4","2014-04-01","8338.666","2014-04-01","3,391,086","2014-04-01","1,809","6,671","2,086","2,031","23,422","17,375","2014-04-01",NA,"2014-04-28","69.89","54.61","13.57","",NA,"2014-04-28","6.16","2014-05-09","105.43","2014-04-28","2.23","2014-04-28","0.93","2014-05-16","114.75"
"45","2014-05-01","13057.9","2014-05-01","7738.17","2014-05-01","3,658,999","2014-05-01","1,749","6,884","2,097","2,060","23,314","19,440","2014-05-01",NA,"2014-05-05","69.51","54.12","13.23","",NA,"2014-05-05","6.16","2014-05-16","102.65","2014-05-05","2.22","2014-05-05","0.93","2014-05-23","115.35"
"46","2014-05-01","13057.9","2014-05-01","7738.17","2014-05-01","3,658,999","2014-05-01","1,749","6,884","2,097","2,060","23,314","19,440","2014-05-01",NA,"2014-05-12","70.8","55.18","13.73","",NA,"2014-05-12","6.16","2014-05-23","98.62","2014-05-12","2.22","2014-05-12","0.94","2014-05-30","115.88"
"47","2014-05-01","13057.9","2014-05-01","7738.17","2014-05-01","3,658,999","2014-05-01","1,749","6,884","2,097","2,060","23,314","19,440","2014-05-01",NA,"2014-05-19","69.95","54.62","13.18","",NA,"2014-05-19","6.16","2014-05-30","96.35","2014-05-19","2.21","2014-05-19","0.93","2014-06-06","115.76"
"48","2014-05-01","13057.9","2014-05-01","7738.17","2014-05-01","3,658,999","2014-05-01","1,749","6,884","2,097","2,060","23,314","19,440","2014-05-01",NA,"2014-05-26","67.88","51.38","12.75","",NA,"2014-05-26","6.17","2014-06-06","93.63","2014-05-26","2.23","2014-05-26","0.93","2014-06-13","115.7"
"49","2014-06-01","13970.6","2014-06-01","7456.569","2014-06-01","3,276,125","2014-06-01","1,834","6,807","2,103","2,127","22,771","18,579","2014-06-01",NA,"2014-06-02","67.95","53.47","13.09","",NA,"2014-06-02","6.17","2014-06-13","92.79","2014-06-02","2.27","2014-06-02","0.93","2014-06-20","116.21"
"50","2014-06-01","13970.6","2014-06-01","7456.569","2014-06-01","3,276,125","2014-06-01","1,834","6,807","2,103","2,127","22,771","18,579","2014-06-01",NA,"2014-06-09","66.78","51.6","12.81","",NA,"2014-06-09","6.15","2014-06-20","90.82","2014-06-09","2.23","2014-06-09","0.94","2014-06-27","114.81"
"51","2014-06-01","13970.6","2014-06-01","7456.569","2014-06-01","3,276,125","2014-06-01","1,834","6,807","2,103","2,127","22,771","18,579","2014-06-01",NA,"2014-06-16","67.96","52.62","12.86","",NA,"2014-06-16","6.15","2014-06-27","94.49","2014-06-16","2.23","2014-06-16","0.94","2014-07-04","116.18"
"52","2014-06-01","13970.6","2014-06-01","7456.569","2014-06-01","3,276,125","2014-06-01","1,834","6,807","2,103","2,127","22,771","18,579","2014-06-01",NA,"2014-06-23","68.89","53.43","13.29","",NA,"2014-06-23","6.15","2014-07-04","95.11","2014-06-23","2.21","2014-06-23","0.94","2014-07-11","116.16"
"53","2014-06-01","13970.6","2014-06-01","7456.569","2014-06-01","3,276,125","2014-06-01","1,834","6,807","2,103","2,127","22,771","18,579","2014-06-01",NA,"2014-06-30","71.09","56.67","14.03","",NA,"2014-06-30","6.16","2014-07-11","96.34","2014-06-30","2.21","2014-06-30","0.94","2014-07-18","115.46"
"54","2014-07-01","13646.3","2014-07-01","8251.817","2014-07-01","3,500,551","2014-07-01","1,867","7,105","2,189","2,311","22,383","19,050","2014-07-01",NA,"2014-07-07","70.67","55.16","13.86","",NA,"2014-07-07","6.16","2014-07-18","97.79","2014-07-07","2.22","2014-07-07","0.94","2014-07-25","113.45"
"55","2014-07-01","13646.3","2014-07-01","8251.817","2014-07-01","3,500,551","2014-07-01","1,867","7,105","2,189","2,311","22,383","19,050","2014-07-01",NA,"2014-07-14","72.07","56.51","14.08","",NA,"2014-07-14","6.15","2014-07-25","94.75","2014-07-14","2.23","2014-07-14","0.94","2014-08-01","113.33"
"56","2014-07-01","13646.3","2014-07-01","8251.817","2014-07-01","3,500,551","2014-07-01","1,867","7,105","2,189","2,311","22,383","19,050","2014-07-01",NA,"2014-07-21","73.23","58.24","14.56","",NA,"2014-07-21","6.16","2014-08-01","95.95","2014-07-21","2.22","2014-07-21","0.94","2014-08-08","111.89"
"57","2014-07-01","13646.3","2014-07-01","8251.817","2014-07-01","3,500,551","2014-07-01","1,867","7,105","2,189","2,311","22,383","19,050","2014-07-01",NA,"2014-07-28","70.95","56.64","14.01","",NA,"2014-07-28","6.16","2014-08-08","95.49","2014-07-28","2.24","2014-07-28","0.93","2014-08-15","110.67"
"58","2014-08-01","13679.6","2014-08-01","7488.14","2014-08-01","3,355,169","2014-08-01","2,030","7,001","2,237","2,329","22,294","18,576","2014-08-01",NA,"2014-08-04","71.04","57.48","13.83","",NA,"2014-08-04","6.16","2014-08-15","94.2","2014-08-04","2.28","2014-08-04","0.93","2014-08-22","110.8"
"59","2014-08-01","13679.6","2014-08-01","7488.14","2014-08-01","3,355,169","2014-08-01","2,030","7,001","2,237","2,329","22,294","18,576","2014-08-01",NA,"2014-08-11","72.45","57.33","13.71","",NA,"2014-08-11","6.15","2014-08-22","92.17","2014-08-11","2.27","2014-08-11","0.93","2014-08-29","112.37"
"60","2014-08-01","13679.6","2014-08-01","7488.14","2014-08-01","3,355,169","2014-08-01","2,030","7,001","2,237","2,329","22,294","18,576","2014-08-01",NA,"2014-08-18","69.71","56.3","13.74","",NA,"2014-08-18","6.16","2014-08-29","88.16","2014-08-18","2.26","2014-08-18","0.93","2014-09-05","112.69"
"61","2014-08-01","13679.6","2014-08-01","7488.14","2014-08-01","3,355,169","2014-08-01","2,030","7,001","2,237","2,329","22,294","18,576","2014-08-01",NA,"2014-08-25","68.63","53.74","13.06","",NA,"2014-08-25","6.17","2014-09-05","83.23","2014-08-25","2.26","2014-08-25","0.93","2014-09-12","113.41"
"62","2014-09-01","13763.2","2014-09-01","8469.489","2014-09-01","3,538,136","2014-09-01","2,215","6,650","2,122","2,294","21,125","18,079","2014-09-01",NA,"2014-09-01","66.75","52.96","12.68","",NA,"2014-09-01","6.17","2014-09-12","82.94","2014-09-01","2.24","2014-09-01","0.93","2014-09-19","113.7"
"63","2014-09-01","13763.2","2014-09-01","8469.489","2014-09-01","3,538,136","2014-09-01","2,215","6,650","2,122","2,294","21,125","18,079","2014-09-01",NA,"2014-09-08","65.16","52.28","12.3","",NA,"2014-09-08","6.15","2014-09-19","83.84","2014-09-08","2.29","2014-09-08","0.92","2014-09-26","110.69"
"64","2014-09-01","13763.2","2014-09-01","8469.489","2014-09-01","3,538,136","2014-09-01","2,215","6,650","2,122","2,294","21,125","18,079","2014-09-01",NA,"2014-09-15","63.31","51.68","12","",NA,"2014-09-15","6.15","2014-09-26","79.4","2014-09-15","2.35","2014-09-15","0.9","2014-10-10","108.51"
"65","2014-09-01","13763.2","2014-09-01","8469.489","2014-09-01","3,538,136","2014-09-01","2,215","6,650","2,122","2,294","21,125","18,079","2014-09-01",NA,"2014-09-22","59.83","50.47","11.19","",NA,"2014-09-22","6.15","2014-10-03","78.82","2014-09-22","2.41","2014-09-22","0.88","2014-10-17","106.58"
"66","2014-09-01","13763.2","2014-09-01","8469.489","2014-09-01","3,538,136","2014-09-01","2,215","6,650","2,122","2,294","21,125","18,079","2014-09-01",NA,"2014-09-29","57.23","47.17","11.02","",NA,"2014-09-29","6.15","2014-10-10","79.93","2014-09-29","2.46","2014-09-29","0.87","2014-10-24","105.81"
"67","2014-10-01","13391.4","2014-10-01","7939.057","2014-10-01","4,029,059","2014-10-01","1,938","6,739","2,038","2,273","19,909","15,770","2014-10-01",NA,"2014-10-06","55.73","47.75","10.9","",NA,"2014-10-06","6.15","2014-10-17","82.34","2014-10-06","2.41","2014-10-06","0.88","2014-10-31","107.18"
"68","2014-10-01","13391.4","2014-10-01","7939.057","2014-10-01","4,029,059","2014-10-01","1,938","6,739","2,038","2,273","19,909","15,770","2014-10-01",NA,"2014-10-13","59.04","49.93","10.94","",NA,"2014-10-13","6.14","2014-10-24","81.05","2014-10-13","2.43","2014-10-13","0.88","2014-11-07","106.24"
"69","2014-10-01","13391.4","2014-10-01","7939.057","2014-10-01","4,029,059","2014-10-01","1,938","6,739","2,038","2,273","19,909","15,770","2014-10-01",NA,"2014-10-20","59.14","49.04","11.16","",NA,"2014-10-20","6.14","2014-10-31","79.45","2014-10-20","2.48","2014-10-20","0.88","2014-11-14","107.43"
"70","2014-10-01","13391.4","2014-10-01","7939.057","2014-10-01","4,029,059","2014-10-01","1,938","6,739","2,038","2,273","19,909","15,770","2014-10-01",NA,"2014-10-27","59.44","47.97","10.09","",NA,"2014-10-27","6.14","2014-11-07","76.86","2014-10-27","2.47","2014-10-27","0.88","2014-11-21","108.05"
"71","2014-11-01","12705","2014-11-01","6739.905","2014-11-01","3,351,281","2014-11-01","2,054","6,701","2,024","2,259","19,969","16,706","2014-11-01",NA,"2014-11-03","59.88","48.37","9.43","",NA,"2014-11-03","6.15","2014-11-14","75.86","2014-11-03","2.53","2014-11-03","0.86","2014-11-28","106.89"
"72","2014-11-01","12705","2014-11-01","6739.905","2014-11-01","3,351,281","2014-11-01","2,054","6,701","2,024","2,259","19,969","16,706","2014-11-01",NA,"2014-11-10","58.43","48.07","8.87","",NA,"2014-11-10","6.14","2014-11-21","71.67","2014-11-10","2.57","2014-11-10","0.87","2014-12-05","108.05"
"73","2014-11-01","12705","2014-11-01","6739.905","2014-11-01","3,351,281","2014-11-01","2,054","6,701","2,024","2,259","19,969","16,706","2014-11-01",NA,"2014-11-17","57.34","47.51","9.41","",NA,"2014-11-17","6.14","2014-11-28","69.96","2014-11-17","2.57","2014-11-17","0.87","2014-12-12","104.89"
"74","2014-11-01","12705","2014-11-01","6739.905","2014-11-01","3,351,281","2014-11-01","2,054","6,701","2,024","2,259","19,969","16,706","2014-11-01",NA,"2014-11-24","51.63","46.6","9.01","",NA,"2014-11-24","6.14","2014-12-05","70.81","2014-11-24","2.54","2014-11-24","0.85","2014-12-19","102.77"
"75","2014-12-01","12614.8","2014-12-01","8685.13","2014-12-01","3,299,945","2014-12-01","1,913","6,403","1,936","2,172","19,826","15,919","2014-12-01",NA,"2014-12-01","50.38","45.29","8.38","",NA,"2014-12-01","6.14","2014-12-12","69.27","2014-12-01","2.57","2014-12-01","0.84","2014-12-26","100.59"
"76","2014-12-01","12614.8","2014-12-01","8685.13","2014-12-01","3,299,945","2014-12-01","1,913","6,403","1,936","2,172","19,826","15,919","2014-12-01",NA,"2014-12-08","46.18","41.78","7.19","",NA,"2014-12-08","6.12","2014-12-19","68.66","2014-12-08","2.62","2014-12-08","0.83","2015-01-04","98.24"
"77","2014-12-01","12614.8","2014-12-01","8685.13","2014-12-01","3,299,945","2014-12-01","1,913","6,403","1,936","2,172","19,826","15,919","2014-12-01",NA,"2014-12-15","48.39","45.38","8.14","",NA,"2014-12-15","6.12","2014-12-26","67.23","2014-12-15","2.69","2014-12-15","0.82","2015-01-09","98.7"
"78","2014-12-01","12614.8","2014-12-01","8685.13","2014-12-01","3,299,945","2014-12-01","1,913","6,403","1,936","2,172","19,826","15,919","2014-12-01",NA,"2014-12-22","47.53","45.84","8.16","",NA,"2014-12-22","6.12","2015-01-02","70.6","2014-12-22","2.69","2014-12-22","0.81","2015-01-16","98.91"
"79","2014-12-01","12614.8","2014-12-01","8685.13","2014-12-01","3,299,945","2014-12-01","1,913","6,403","1,936","2,172","19,826","15,919","2014-12-01",NA,"2014-12-29","47.54","45.72","7.94","2014-12-29","100","2014-12-29","6.12","2015-01-09","71.17","2014-12-29","2.67","2014-12-29","0.81","2015-01-23","98.22"
"80","2015-01-01","9223","2015-01-01","7857.059","2015-01-01","3,985,719","2015-01-01","1,808","5,816","1,829","2,111","19,463","14,771","2015-01-01",NA,"2015-01-05","46.93","45.53","8.55","2015-01-05","98.22","2015-01-05","6.13","2015-01-16","68.92","2015-01-05","2.68","2015-01-05","0.81","2015-01-30","99.77"
"81","2015-01-01","9223","2015-01-01","7857.059","2015-01-01","3,985,719","2015-01-01","1,808","5,816","1,829","2,111","19,463","14,771","2015-01-01",NA,"2015-01-12","46.14","44.2","8.41","2015-01-12","93.71","2015-01-12","6.12","2015-01-23","67.45","2015-01-12","2.64","2015-01-12","0.82","2015-02-06","98.48"
"82","2015-01-01","9223","2015-01-01","7857.059","2015-01-01","3,985,719","2015-01-01","1,808","5,816","1,829","2,111","19,463","14,771","2015-01-01",NA,"2015-01-19","45.5","43.08","7.85","2015-01-19","93.25","2015-01-19","6.13","2015-01-30","63.12","2015-01-19","2.6","2015-01-19","0.81","2015-02-13","96.69"
"83","2015-01-01","9223","2015-01-01","7857.059","2015-01-01","3,985,719","2015-01-01","1,808","5,816","1,829","2,111","19,463","14,771","2015-01-01",NA,"2015-01-26","46.33","44.13","7.03","2015-01-26","93.87","2015-01-26","6.13","2015-02-06","62.47","2015-01-26","2.61","2015-01-26","0.79","2015-02-27","98.29"
"84","2015-02-01","8330.5","2015-02-01","6794.218","2015-02-01","3,367,058","2015-02-01","1,821","5,702","1,805","2,103","18,292","14,535","2015-02-01",NA,"2015-02-02","48.29","46.24","7.35","2015-02-02","95.68","2015-02-02","6.13","2015-02-13","62.24","2015-02-02","2.74","2015-02-02","0.78","2015-03-06","99.38"
"85","2015-02-01","8330.5","2015-02-01","6794.218","2015-02-01","3,367,058","2015-02-01","1,821","5,702","1,805","2,103","18,292","14,535","2015-02-01",NA,"2015-02-09","51.19","49.37","8.05","2015-02-09","99.94","2015-02-09","6.13","2015-02-20","63.91","2015-02-09","2.83","2015-02-09","0.78","2015-03-13","100.28"
"86","2015-02-01","8330.5","2015-02-01","6794.218","2015-02-01","3,367,058","2015-02-01","1,821","5,702","1,805","2,103","18,292","14,535","2015-02-01",NA,"2015-02-16","50.48","49.94","7.83","2015-02-16","103.17","2015-02-16","6.13","2015-02-27","63.06","2015-02-16","2.84","2015-02-16","0.78","2015-03-20","99.19"
"87","2015-02-01","8330.5","2015-02-01","6794.218","2015-02-01","3,367,058","2015-02-01","1,821","5,702","1,805","2,103","18,292","14,535","2015-02-01",NA,"2015-02-23","52.52","49.33","7.42","2015-02-23","102.72","2015-02-23","6.14","2015-03-06","61.25","2015-02-23","2.87","2015-02-23","0.78","2015-03-27","100.13"
"88","2015-03-01","10510.1","2015-03-01","8050.853","2015-03-01","3,280,348","2015-03-01","1,773","5,926","1,785","2,029","17,461","13,746","2015-03-01",NA,"2015-03-02","49.35","44.23","6.42","2015-03-02","103.33","2015-03-02","6.15","2015-03-13","57.99","2015-03-02","2.98","2015-03-02","0.78","2015-04-03","97.24"
"89","2015-03-01","10510.1","2015-03-01","8050.853","2015-03-01","3,280,348","2015-03-01","1,773","5,926","1,785","2,029","17,461","13,746","2015-03-01",NA,"2015-03-09","44.55","41.9","5.82","2015-03-09","102.29","2015-03-09","6.16","2015-03-20","56.2","2015-03-09","3.15","2015-03-09","0.77","2015-04-10","97.37"
"90","2015-03-01","10510.1","2015-03-01","8050.853","2015-03-01","3,280,348","2015-03-01","1,773","5,926","1,785","2,029","17,461","13,746","2015-03-01",NA,"2015-03-16","48.06","43.58","6.26","2015-03-16","99.69","2015-03-16","6.15","2015-03-27","55","2015-03-16","3.24","2015-03-16","0.77","2015-04-17","97.58"
"91","2015-03-01","10510.1","2015-03-01","8050.853","2015-03-01","3,280,348","2015-03-01","1,773","5,926","1,785","2,029","17,461","13,746","2015-03-01",NA,"2015-03-23","47.1","41.88","5.67","2015-03-23","99.44","2015-03-23","6.14","2015-04-03","50.16","2015-03-23","3.18","2015-03-23","0.78","2015-04-24","97.16"
"92","2015-03-01","10510.1","2015-03-01","8050.853","2015-03-01","3,280,348","2015-03-01","1,773","5,926","1,785","2,029","17,461","13,746","2015-03-01",NA,"2015-03-30","45.56","41.2","5.76","2015-03-30","100.86","2015-03-30","6.14","2015-04-10","47.81","2015-03-30","3.17","2015-03-30","0.76","2015-04-30","95.07"
"93","2015-04-01","10409.5","2015-04-01","8021.34","2015-04-01","3,176,363","2015-04-01","1,817","6,029","2,000","2,207","15,986","12,783","2015-04-01",NA,"2015-04-06","45.82","41.45","6.04","2015-04-06","100.93","2015-04-06","6.13","2015-04-17","50.13","2015-04-06","3.09","2015-04-06","0.77","2015-05-08","89.91"
"94","2015-04-01","10409.5","2015-04-01","8021.34","2015-04-01","3,176,363","2015-04-01","1,817","6,029","2,000","2,207","15,986","12,783","2015-04-01",NA,"2015-04-13","46.44","42.02","5.87","2015-04-13","102.63","2015-04-13","6.13","2015-04-24","53.86","2015-04-13","3.06","2015-04-13","0.77","2015-05-15","86.56"
"95","2015-04-01","10409.5","2015-04-01","8021.34","2015-04-01","3,176,363","2015-04-01","1,817","6,029","2,000","2,207","15,986","12,783","2015-04-01",NA,"2015-04-20","51.04","45.72","7.92","2015-04-20","106.4","2015-04-20","6.13","2015-05-01","58.07","2015-04-20","3","2015-04-20","0.78","2015-05-22","84.92"
"96","2015-04-01","10409.5","2015-04-01","8021.34","2015-04-01","3,176,363","2015-04-01","1,817","6,029","2,000","2,207","15,986","12,783","2015-04-01",NA,"2015-04-27","51.92","45.87","8.07","2015-04-27","108.56","2015-04-27","6.12","2015-05-08","59.78","2015-04-27","2.97","2015-04-27","0.79","2015-05-29","83.31"
"97","2015-05-01","11766.2","2015-05-01","7086.532","2015-05-01","3,082,842","2015-05-01","1,805","6,301","2,004","2,290","15,827","13,509","2015-05-01",NA,"2015-05-04","50.8","46.11","7.63","2015-05-04","110.14","2015-05-04","6.11","2015-05-15","62.42","2015-05-04","3.04","2015-05-04","0.79","2015-06-05","82.73"
"98","2015-05-01","11766.2","2015-05-01","7086.532","2015-05-01","3,082,842","2015-05-01","1,805","6,301","2,004","2,290","15,827","13,509","2015-05-01",NA,"2015-05-11","51.55","46.13","7.12","2015-05-11","110.29","2015-05-11","6.11","2015-05-22","58.83","2015-05-11","3.02","2015-05-11","0.8","2015-06-12","80.74"
"99","2015-05-01","11766.2","2015-05-01","7086.532","2015-05-01","3,082,842","2015-05-01","1,805","6,301","2,004","2,290","15,827","13,509","2015-05-01",NA,"2015-05-18","45.87","44.88","6.57","2015-05-18","110.02","2015-05-18","6.11","2015-05-29","62.25","2015-05-18","3.04","2015-05-18","0.79","2015-06-19","79.62"
"100","2015-05-01","11766.2","2015-05-01","7086.532","2015-05-01","3,082,842","2015-05-01","1,805","6,301","2,004","2,290","15,827","13,509","2015-05-01",NA,"2015-05-25","44.63","43.77","6.3","2015-05-25","107.68","2015-05-25","6.12","2015-06-05","63.89","2015-05-25","3.15","2015-05-25","0.77","2015-06-26","78.71"
"101","2015-06-01","12848.1","2015-06-01","7495.929","2015-06-01","2,812,686","2015-06-01","1,684","5,834","1,836","2,088","15,015","12,780","2015-06-01",NA,"2015-06-01","42.91","43.63","6.51","2015-06-01","106.16","2015-06-01","6.12","2015-06-12","64.95","2015-06-01","3.15","2015-06-01","0.77","2015-07-03","81.77"
"102","2015-06-01","12848.1","2015-06-01","7495.929","2015-06-01","2,812,686","2015-06-01","1,684","5,834","1,836","2,088","15,015","12,780","2015-06-01",NA,"2015-06-08","43.3","44.04","6.81","2015-06-08","105.89","2015-06-08","6.12","2015-06-19","62.36","2015-06-08","3.11","2015-06-08","0.77","2015-07-10","82.01"
"103","2015-06-01","12848.1","2015-06-01","7495.929","2015-06-01","2,812,686","2015-06-01","1,684","5,834","1,836","2,088","15,015","12,780","2015-06-01",NA,"2015-06-15","43.81","43.16","6.51","2015-06-15","106.99","2015-06-15","6.11","2015-06-26","61.62","2015-06-15","3.09","2015-06-15","0.78","2015-07-17","81.15"
"104","2015-06-01","12848.1","2015-06-01","7495.929","2015-06-01","2,812,686","2015-06-01","1,684","5,834","1,836","2,088","15,015","12,780","2015-06-01",NA,"2015-06-22","42.69","42.84","6.23","2015-06-22","106.15","2015-06-22","6.11","2015-07-03","58.15","2015-06-22","3.1","2015-06-22","0.77","2015-07-24","81.75"
"105","2015-06-01","12848.1","2015-06-01","7495.929","2015-06-01","2,812,686","2015-06-01","1,684","5,834","1,836","2,088","15,015","12,780","2015-06-01",NA,"2015-06-29","41.29","41.04","5.85","2015-06-29","105.47","2015-06-29","6.12","2015-07-10","49.11","2015-06-29","3.12","2015-06-29","0.76","2015-07-31","80.68"
"106","2015-07-01","12619","2015-07-01","8609.823","2015-07-01","2,980,650","2015-07-01","1,638","5,457","1,762","2,002","14,962","11,386","2015-07-01",NA,"2015-07-06","39.47","39.14","5.43","2015-07-06","102.39","2015-07-06","6.12","2015-07-17","50.39","2015-07-06","3.19","2015-07-06","0.75","2015-08-07","81.56"
"107","2015-07-01","12619","2015-07-01","8609.823","2015-07-01","2,980,650","2015-07-01","1,638","5,457","1,762","2,002","14,962","11,386","2015-07-01",NA,"2015-07-13","39.56","40.35","5.46","2015-07-13","100.45","2015-07-13","6.12","2015-07-24","51.88","2015-07-13","3.15","2015-07-13","0.74","2015-08-14","81.67"
"108","2015-07-01","12619","2015-07-01","8609.823","2015-07-01","2,980,650","2015-07-01","1,638","5,457","1,762","2,002","14,962","11,386","2015-07-01",NA,"2015-07-20","36.3","37.39","5.05","2015-07-20","98.67","2015-07-20","6.12","2015-07-31","54.15","2015-07-20","3.25","2015-07-20","0.74","2015-08-21","81.04"
"109","2015-07-01","12619","2015-07-01","8609.823","2015-07-01","2,980,650","2015-07-01","1,638","5,457","1,762","2,002","14,962","11,386","2015-07-01",NA,"2015-07-27","38.37","38.62","5.26","2015-07-27","96.28","2015-07-27","6.12","2015-08-07","56.03","2015-07-27","3.37","2015-07-27","0.73","2015-08-28","80.59"
"110","2015-08-01","12381.4","2015-08-01","7412.239","2015-08-01","2,777,241","2015-08-01","1,540","5,089","1,693","1,810","15,229","10,342","2015-08-01",NA,"2015-08-03","38.64","39.8","5.28","2015-08-03","93.42","2015-08-03","6.12","2015-08-14","56.57","2015-08-03","3.49","2015-08-03","0.74","2015-09-06","79.94"
"111","2015-08-01","12381.4","2015-08-01","7412.239","2015-08-01","2,777,241","2015-08-01","1,540","5,089","1,693","1,810","15,229","10,342","2015-08-01",NA,"2015-08-10","37.88","38.59","5.23","2015-08-10","92.07","2015-08-10","6.3","2015-08-21","56.39","2015-08-10","3.48","2015-08-10","0.74","2015-09-11","81.25"
"112","2015-08-01","12381.4","2015-08-01","7412.239","2015-08-01","2,777,241","2015-08-01","1,540","5,089","1,693","1,810","15,229","10,342","2015-08-01",NA,"2015-08-17","34.68","35.99","4.75","2015-08-17","90.63","2015-08-17","6.39","2015-08-28","54.07","2015-08-17","3.48","2015-08-17","0.73","2015-09-18","82.9"
"113","2015-08-01","12381.4","2015-08-01","7412.239","2015-08-01","2,777,241","2015-08-01","1,540","5,089","1,693","1,810","15,229","10,342","2015-08-01",NA,"2015-08-24","36.69","36.6","4.83","2015-08-24","86.2","2015-08-24","6.4","2015-09-04","56.5","2015-08-24","3.58","2015-08-24","0.71","2015-09-25","85.52"
"114","2015-08-01","12381.4","2015-08-01","7412.239","2015-08-01","2,777,241","2015-08-01","1,540","5,089","1,693","1,810","15,229","10,342","2015-08-01",NA,"2015-08-31","33.75","34.23","4.73","2015-08-31","88.69","2015-08-31","6.38","2015-09-11","57.87","2015-08-31","3.73","2015-08-31","0.7","2015-10-09","80.93"
"115","2015-09-01","13156.4","2015-09-01","8612.396","2015-09-01","2,571,183","2015-09-01","1,589","5,208","1,682","1,719","15,481","9,898","2015-09-01",NA,"2015-09-07","34.07","37.21","4.98","2015-09-07","88.97","2015-09-07","6.37","2015-09-18","57.53","2015-09-07","3.83","2015-09-07","0.7","2015-10-16","84.27"
"116","2015-09-01","13156.4","2015-09-01","8612.396","2015-09-01","2,571,183","2015-09-01","1,589","5,208","1,682","1,719","15,481","9,898","2015-09-01",NA,"2015-09-14","34.6","35.52","4.98","2015-09-14","88.68","2015-09-14","6.37","2015-09-25","56.45","2015-09-14","3.87","2015-09-14","0.72","2015-10-23","83.87"
"117","2015-09-01","13156.4","2015-09-01","8612.396","2015-09-01","2,571,183","2015-09-01","1,589","5,208","1,682","1,719","15,481","9,898","2015-09-01",NA,"2015-09-21","31.87","33.6","4.52","2015-09-21","88.07","2015-09-21","6.37","2015-10-02","55.68","2015-09-21","4.02","2015-09-21","0.7","2015-10-30","84.45"
"118","2015-09-01","13156.4","2015-09-01","8612.396","2015-09-01","2,571,183","2015-09-01","1,589","5,208","1,682","1,719","15,481","9,898","2015-09-01",NA,"2015-09-28","33.06","34.78","4.48","2015-09-28","87.59","2015-09-28","6.37","2015-10-09","54.28","2015-09-28","4.01","2015-09-28","0.7","2015-11-06","87.11"
"119","2015-10-01","12534.8","2015-10-01","7551.777","2015-10-01","2,758,483","2015-10-01","1,524","5,223","1,725","1,728","15,848","10,344","2015-10-01",NA,"2015-10-05","37.76","39.74","5.48","2015-10-05","88.49","2015-10-05","6.35","2015-10-16","54.84","2015-10-05","3.84","2015-10-05","0.72","2015-11-13","87.13"
"120","2015-10-01","12534.8","2015-10-01","7551.777","2015-10-01","2,758,483","2015-10-01","1,524","5,223","1,725","1,728","15,848","10,344","2015-10-01",NA,"2015-10-12","36.06","38.36","4.79","2015-10-12","90.61","2015-10-12","6.34","2015-10-23","52.56","2015-10-12","3.84","2015-10-12","0.73","2015-11-20","86.58"
"121","2015-10-01","12534.8","2015-10-01","7551.777","2015-10-01","2,758,483","2015-10-01","1,524","5,223","1,725","1,728","15,848","10,344","2015-10-01",NA,"2015-10-19","35.75","38.29","4.73","2015-10-19","88.46","2015-10-19","6.35","2015-10-30","50.39","2015-10-19","3.91","2015-10-19","0.72","2015-11-27","89.17"
"122","2015-10-01","12534.8","2015-10-01","7551.777","2015-10-01","2,758,483","2015-10-01","1,524","5,223","1,725","1,728","15,848","10,344","2015-10-01",NA,"2015-10-26","32.89","36.51","4.36","2015-10-26","87.02","2015-10-26","6.35","2015-11-06","48.94","2015-10-26","3.88","2015-10-26","0.72","2015-12-04","91.49"
"123","2015-11-01","11753.4","2015-11-01","8213.055","2015-11-01","2,225,866","2015-11-01","1,466","4,808","1,616","1,582","14,743","9,232","2015-11-01",NA,"2015-11-02","30.75","34.72","4.14","2015-11-02","87.23","2015-11-02","6.33","2015-11-13","48.19","2015-11-02","3.8","2015-11-02","0.71","2015-12-11","92.09"
"124","2015-11-01","11753.4","2015-11-01","8213.055","2015-11-01","2,225,866","2015-11-01","1,466","4,808","1,616","1,582","14,743","9,232","2015-11-01",NA,"2015-11-09","28.41","34.24","3.97","2015-11-09","85.71","2015-11-09","6.36","2015-11-20","46","2015-11-09","3.79","2015-11-09","0.71","2015-12-18","94.29"
"125","2015-11-01","11753.4","2015-11-01","8213.055","2015-11-01","2,225,866","2015-11-01","1,466","4,808","1,616","1,582","14,743","9,232","2015-11-01",NA,"2015-11-16","29.1","34.68","3.8","2015-11-16","83.42","2015-11-16","6.38","2015-11-27","44.24","2015-11-16","3.78","2015-11-16","0.71","2015-12-25","97.43"
"126","2015-11-01","11753.4","2015-11-01","8213.055","2015-11-01","2,225,866","2015-11-01","1,466","4,808","1,616","1,582","14,743","9,232","2015-11-01",NA,"2015-11-23","26.98","33.11","3.57","2015-11-23","83.51","2015-11-23","6.39","2015-12-04","41.42","2015-11-23","3.75","2015-11-23","0.72","2015-12-31","96.08"
"127","2015-11-01","11753.4","2015-11-01","8213.055","2015-11-01","2,225,866","2015-11-01","1,466","4,808","1,616","1,582","14,743","9,232","2015-11-01",NA,"2015-11-30","26.48","31.75","3.28","2015-11-30","83.04","2015-11-30","6.39","2015-12-11","38.72","2015-11-30","3.82","2015-11-30","0.73","2016-01-08","99.06"
"128","2015-12-01","11967.1","2015-12-01","9626.952","2015-12-01","2,125,158","2015-12-01","1,494","4,629","1,701","1,522","14,702","8,692","2015-12-01",NA,"2015-12-07","23.81","28.53","3.15","2015-12-07","81.08","2015-12-07","6.42","2015-12-18","39.43","2015-12-07","3.8","2015-12-07","0.72","2016-01-15","100.63"
"129","2015-12-01","11967.1","2015-12-01","9626.952","2015-12-01","2,125,158","2015-12-01","1,494","4,629","1,701","1,522","14,702","8,692","2015-12-01",NA,"2015-12-14","23.93","27.38","3.2","2015-12-14","78.25","2015-12-14","6.47","2015-12-25","40.77","2015-12-14","3.91","2015-12-14","0.72","2016-01-22","100.05"
"130","2015-12-01","11967.1","2015-12-01","9626.952","2015-12-01","2,125,158","2015-12-01","1,494","4,629","1,701","1,522","14,702","8,692","2015-12-01",NA,"2015-12-21","26.14","29.72","3.3","2015-12-21","77.37","2015-12-21","6.47","2016-01-01","42.65","2015-12-21","3.97","2015-12-21","0.72","2016-01-29","98.41"
"131","2015-12-01","11967.1","2015-12-01","9626.952","2015-12-01","2,125,158","2015-12-01","1,494","4,629","1,701","1,522","14,702","8,692","2015-12-01",NA,"2015-12-28","25.76","29.12","3.29","2015-12-28","78.43","2015-12-28","6.49","2016-01-08","43.03","2015-12-28","3.91","2015-12-28","0.73","2016-02-02","96.57"
"132","2016-01-01",NA,"2016-01-01","8219.212","2016-01-01","2,402,427","2016-01-01","1,479","4,463","1,647","1,512","13,777","8,483","2016-01-01",NA,"2016-01-04","21.96","25.07","2.6","2016-01-04","77.45","2016-01-04","6.54","2016-01-15","40.67","2016-01-04","4.03","2016-01-04","0.71","2016-02-19","98.13"
"133","2016-01-01",NA,"2016-01-01","8219.212","2016-01-01","2,402,427","2016-01-01","1,479","4,463","1,647","1,512","13,777","8,483","2016-01-01",NA,"2016-01-11","20.19","23.62","2.37","2016-01-11","74.12","2016-01-11","6.56","2016-01-22","42.11","2016-01-11","4.03","2016-01-11","0.7","2016-02-26","98.19"
"134","2016-01-01",NA,"2016-01-01","8219.212","2016-01-01","2,402,427","2016-01-01","1,479","4,463","1,647","1,512","13,777","8,483","2016-01-01",NA,"2016-01-18","21.48","23.77","2.27","2016-01-18","70.23","2016-01-18","6.56","2016-01-29","41.74","2016-01-18","4.09","2016-01-18","0.69","2016-03-04","97.86"
"135","2016-01-01",NA,"2016-01-01","8219.212","2016-01-01","2,402,427","2016-01-01","1,479","4,463","1,647","1,512","13,777","8,483","2016-01-01",NA,"2016-01-25","21.91","24.65","2.45","2016-01-25","71.84","2016-01-25","6.55","2016-02-05","44.55","2016-01-25","4.07","2016-01-25","0.7","2016-03-11","96.95"
"136","2016-02-01","16187.5","2016-02-01","7361.165","2016-02-01","2,064,981","2016-02-01","1,536","4,595","1,772","1,711","15,654","8,310","2016-02-01",NA,"2016-02-01","22.58","26.21","2.61","2016-02-01","74.03","2016-02-01","6.55","2016-02-12","45.73","2016-02-01","3.93","2016-02-01","0.71","2016-03-18","97.5"
"137","2016-02-01","16187.5","2016-02-01","7361.165","2016-02-01","2,064,981","2016-02-01","1,536","4,595","1,772","1,711","15,654","8,310","2016-02-01",NA,"2016-02-08","22.72","26.52","2.63","2016-02-08","72.76","2016-02-15","6.52","2016-02-19","47.01","2016-02-08","3.94","2016-02-08","0.71","2016-03-25","96.31"
"138","2016-02-01","16187.5","2016-02-01","7361.165","2016-02-01","2,064,981","2016-02-01","1,536","4,595","1,772","1,711","15,654","8,310","2016-02-01",NA,"2016-02-15","23.98","27.37","2.94","2016-02-15","72.91","2016-02-22","6.53","2016-02-26","50.56","2016-02-15","4.02","2016-02-15","0.71","2016-04-01","99.43"
"139","2016-02-01","16187.5","2016-02-01","7361.165","2016-02-01","2,064,981","2016-02-01","1,536","4,595","1,772","1,711","15,654","8,310","2016-02-01",NA,"2016-02-22","22.56","25.52","2.71","2016-02-22","73.34","2016-02-29","6.54","2016-03-04","51.7","2016-02-22","3.96","2016-02-22","0.72","2016-04-08","100.72"
"140","2016-02-01","16187.5","2016-02-01","7361.165","2016-02-01","2,064,981","2016-02-01","1,536","4,595","1,772","1,711","15,654","8,310","2016-02-01",NA,"2016-02-29","27.68","30.32","4.38","2016-02-29","75.71","2016-03-07","6.51","2016-03-11","60.08","2016-02-29","3.88","2016-02-29","0.73","2016-04-15","99.14"
"141","2016-03-01","9815.8","2016-03-01","8577.166","2016-03-01","2,359,372","2016-03-01","1,531","4,948","1,808","1,805","16,996","8,704","2016-03-01",NA,"2016-03-07","27.22","29.11","3.83","2016-03-07","79.18","2016-03-14","6.5","2016-03-18","55.12","2016-03-07","3.69","2016-03-07","0.75","2016-04-22","99.39"
"142","2016-03-01","9815.8","2016-03-01","8577.166","2016-03-01","2,359,372","2016-03-01","1,531","4,948","1,808","1,805","16,996","8,704","2016-03-01",NA,"2016-03-14","27.42","29.13","4.17","2016-03-14","80.97","2016-03-21","6.5","2016-03-25","57.86","2016-03-14","3.68","2016-03-14","0.76","2016-04-29","100.08"
"143","2016-03-01","9815.8","2016-03-01","8577.166","2016-03-01","2,359,372","2016-03-01","1,531","4,948","1,808","1,805","16,996","8,704","2016-03-01",NA,"2016-03-21","25.64","27.71","4.04","2016-03-21","82.4","2016-03-28","6.49","2016-04-01","54.72","2016-03-21","3.65","2016-03-21","0.76","2016-05-06","100.67"
"144","2016-03-01","9815.8","2016-03-01","8577.166","2016-03-01","2,359,372","2016-03-01","1,531","4,948","1,808","1,805","16,996","8,704","2016-03-01",NA,"2016-03-28","25.65","28.17","4.32","2016-03-28","81.87","2016-04-04","6.47","2016-04-08","54.57","2016-03-28","3.61","2016-03-28","0.76","2016-05-13","99.37"
"145","2016-04-01","10256.7","2016-04-01","8391.794","2016-04-01","2,253,069","2016-04-01","1,564","4,851","1,729","1,852","17,068","8,704","2016-04-01",NA,"2016-04-04","24.77","27.99","4.48","2016-04-04","81.92","2016-04-11","6.47","2016-04-15","58.8","2016-04-04","3.65","2016-04-04","0.76","2016-05-20","101.78"
"146","2016-04-01","10256.7","2016-04-01","8391.794","2016-04-01","2,253,069","2016-04-01","1,564","4,851","1,729","1,852","17,068","8,704","2016-04-01",NA,"2016-04-11","28.91","31.67","5.29","2016-04-11","83.92","2016-04-18","6.48","2016-04-22","64.95","2016-04-11","3.5","2016-04-11","0.77","2016-05-27","101.86"
"147","2016-04-01","10256.7","2016-04-01","8391.794","2016-04-01","2,253,069","2016-04-01","1,564","4,851","1,729","1,852","17,068","8,704","2016-04-01",NA,"2016-04-18","31.82","33.56","5.42","2016-04-18","85.52","2016-04-25","6.49","2016-04-29","63.82","2016-04-18","3.55","2016-04-18","0.78","2016-06-03","100.17"
"148","2016-04-01","10256.7","2016-04-01","8391.794","2016-04-01","2,253,069","2016-04-01","1,564","4,851","1,729","1,852","17,068","8,704","2016-04-01",NA,"2016-04-25","31.34","33.66","5.67","2016-04-25","87.73","2016-05-02","6.5","2016-05-06","60.51","2016-04-25","3.51","2016-04-25","0.77","2016-06-12","100.7"
"149","2016-05-01","10754.1","2016-05-01","8675.227","2016-05-01","2,609,392","2016-05-01","1,556","4,708","1,714","1,871","16,746","8,689","2016-05-01",NA,"2016-05-02","27.93","30.9","4.78","2016-05-02","88.81","2016-05-09","6.52","2016-05-13","55.08","2016-05-02","3.53","2016-05-02","0.75","2016-06-17","100.57"
"150","2016-05-01","10754.1","2016-05-01","8675.227","2016-05-01","2,609,392","2016-05-01","1,556","4,708","1,714","1,871","16,746","8,689","2016-05-01",NA,"2016-05-09","26.6","28.29","4.13","2016-05-09","87.56","2016-05-16","6.54","2016-05-20","55.05","2016-05-09","3.49","2016-05-09","0.73","2016-06-24","102.68"
"151","2016-05-01","10754.1","2016-05-01","8675.227","2016-05-01","2,609,392","2016-05-01","1,556","4,708","1,714","1,871","16,746","8,689","2016-05-01",NA,"2016-05-16","26.84","28.31","3.98","2016-05-16","89.4","2016-05-23","6.55","2016-05-27","50.72","2016-05-16","3.54","2016-05-16","0.73","2016-07-01","104.61"
"152","2016-05-01","10754.1","2016-05-01","8675.227","2016-05-01","2,609,392","2016-05-01","1,556","4,708","1,714","1,871","16,746","8,689","2016-05-01",NA,"2016-05-23","27.5","28.73","3.98","2016-05-23","89.62","2016-05-30","6.58","2016-06-03","49.42","2016-05-23","3.58","2016-05-23","0.72","2016-07-08","106.57"
"153","2016-05-01","10754.1","2016-05-01","8675.227","2016-05-01","2,609,392","2016-05-01","1,556","4,708","1,714","1,871","16,746","8,689","2016-05-01",NA,"2016-05-30","27.81","28.34","4.61","2016-05-30","89.73","2016-06-06","6.56","2016-06-10","52.27","2016-05-30","3.58","2016-05-30","0.73","2016-07-15","108.4"
"154","2016-06-01","12106.4","2016-06-01","8163.004","2016-06-01","2,559,982","2016-06-01","1,592","4,631","1,714","2,023","16,985","8,915","2016-06-01",NA,"2016-06-06","26.73","27.94","4.41","2016-06-06","91.29","2016-06-13","6.58","2016-06-17","51.18","2016-06-06","3.42","2016-06-06","0.74","2016-07-22","108.84"
"155","2016-06-01","12106.4","2016-06-01","8163.004","2016-06-01","2,559,982","2016-06-01","1,592","4,631","1,714","2,023","16,985","8,915","2016-06-01",NA,"2016-06-13","27.71","29.19","4.46","2016-06-13","90.98","2016-06-20","6.57","2016-06-24","51.34","2016-06-13","3.46","2016-06-13","0.74","2016-07-29","108.64"
"156","2016-06-01","12106.4","2016-06-01","8163.004","2016-06-01","2,559,982","2016-06-01","1,592","4,631","1,714","2,023","16,985","8,915","2016-06-01",NA,"2016-06-20","27.23","28.76","4.55","2016-06-20","90.36","2016-06-27","6.64","2016-07-01","54.28","2016-06-20","3.38","2016-06-20","0.75","2016-08-05","108.21"
"157","2016-06-01","12106.4","2016-06-01","8163.004","2016-06-01","2,559,982","2016-06-01","1,592","4,631","1,714","2,023","16,985","8,915","2016-06-01",NA,"2016-06-27","28.62","31.57","5.16","2016-06-27","90.74","2016-07-04","6.67","2016-07-08","55.66","2016-06-27","3.28","2016-06-27","0.74","2016-08-12","107.54"
"158","2016-07-01","11574.3","2016-07-01","8839.881","2016-07-01","2,962,913","2016-07-01","1,630","4,856","1,835","2,185","17,833","10,252","2016-07-01",NA,"2016-07-04","29.34","31.59","4.95","2016-07-04","91.02","2016-07-11","6.69","2016-07-15","58.22","2016-07-04","3.32","2016-07-04","0.75","2016-08-19","106.41"
"159","2016-07-01","11574.3","2016-07-01","8839.881","2016-07-01","2,962,913","2016-07-01","1,630","4,856","1,835","2,185","17,833","10,252","2016-07-01",NA,"2016-07-11","30.5","32.86","5.36","2016-07-11","89.42","2016-07-18","6.69","2016-07-22","56.33","2016-07-11","3.27","2016-07-11","0.76","2016-08-26","105.4"
"160","2016-07-01","11574.3","2016-07-01","8839.881","2016-07-01","2,962,913","2016-07-01","1,630","4,856","1,835","2,185","17,833","10,252","2016-07-01",NA,"2016-07-18","28.55","31.35","5.31","2016-07-18","89.03","2016-07-25","6.67","2016-07-29","58.73","2016-07-18","3.26","2016-07-18","0.75","2016-09-02","104.24"
"161","2016-07-01","11574.3","2016-07-01","8839.881","2016-07-01","2,962,913","2016-07-01","1,630","4,856","1,835","2,185","17,833","10,252","2016-07-01",NA,"2016-07-25","29.69","32.82","5.75","2016-07-25","87.15","2016-08-01","6.64","2016-08-05","61.22","2016-07-25","3.27","2016-07-25","0.75","2016-09-09","103.46"
"162","2016-08-01","11506.9","2016-08-01","8772.369","2016-08-01","2,771,997","2016-08-01","1,642","4,758","1,839","2,283","18,413","10,354","2016-08-01",NA,"2016-08-01","31.02","32.74","6.02","2016-08-01","85.56","2016-08-08","6.65","2016-08-12","60.47","2016-08-01","3.23","2016-08-01","0.76","2016-09-16","104.01"
"163","2016-08-01","11506.9","2016-08-01","8772.369","2016-08-01","2,771,997","2016-08-01","1,642","4,758","1,839","2,283","18,413","10,354","2016-08-01",NA,"2016-08-08","30.97","31.08","5.64","2016-08-08","86.82","2016-08-15","6.63","2016-08-19","60.96","2016-08-08","3.16","2016-08-08","0.77","2016-09-23","102.72"
"164","2016-08-01","11506.9","2016-08-01","8772.369","2016-08-01","2,771,997","2016-08-01","1,642","4,758","1,839","2,283","18,413","10,354","2016-08-01",NA,"2016-08-15","31.94","32.06","5.97","2016-08-15","88.98","2016-08-22","6.66","2016-08-26","61.05","2016-08-15","3.21","2016-08-15","0.77","2016-09-30","106.48"
"165","2016-08-01","11506.9","2016-08-01","8772.369","2016-08-01","2,771,997","2016-08-01","1,642","4,758","1,839","2,283","18,413","10,354","2016-08-01",NA,"2016-08-22","32.09","31.54","5.45","2016-08-22","90.45","2016-08-29","6.68","2016-09-02","59.13","2016-08-22","3.23","2016-08-22","0.76","2016-10-09","104.61"
"166","2016-08-01","11506.9","2016-08-01","8772.369","2016-08-01","2,771,997","2016-08-01","1,642","4,758","1,839","2,283","18,413","10,354","2016-08-01",NA,"2016-08-29","30.62","31.13","5.6","2016-08-29","89.52","2016-09-05","6.67","2016-09-09","58.56","2016-08-29","3.24","2016-08-29","0.75","2016-10-14","105.68"
"167","2016-09-01","11892.7","2016-09-01","9298.797","2016-09-01","2,517,954","2016-09-01","1,590","4,707","1,942","2,293","19,571","10,188","2016-09-01",NA,"2016-09-05","30.74","30.74","5.19","2016-09-05","88.69","2016-09-12","6.68","2016-09-16","56","2016-09-05","3.23","2016-09-05","0.76","2016-10-21","106.86"
"168","2016-09-01","11892.7","2016-09-01","9298.797","2016-09-01","2,517,954","2016-09-01","1,590","4,707","1,942","2,293","19,571","10,188","2016-09-01",NA,"2016-09-12","29.97","29.9","5.03","2016-09-12","89.85","2016-09-19","6.67","2016-09-23","56.09","2016-09-12","3.3","2016-09-12","0.75","2016-10-28","108.29"
"169","2016-09-01","11892.7","2016-09-01","9298.797","2016-09-01","2,517,954","2016-09-01","1,590","4,707","1,942","2,293","19,571","10,188","2016-09-01",NA,"2016-09-19","32.54","32.41","5.42","2016-09-19","89.36","2016-09-26","6.67","2016-09-30","56.48","2016-09-19","3.24","2016-09-19","0.76","2016-11-04","111.19"
"170","2016-09-01","11892.7","2016-09-01","9298.797","2016-09-01","2,517,954","2016-09-01","1,590","4,707","1,942","2,293","19,571","10,188","2016-09-01",NA,"2016-09-26","34.65","33.4","5.5","2016-09-26","90.39","2016-10-10","6.72","2016-10-07","55.86","2016-09-26","3.24","2016-09-26","0.77","2016-11-11","109.09"
"171","2016-10-01","11928.9","2016-10-01","8079.923","2016-10-01","2,461,367","2016-10-01","1,664","4,732","2,040","2,314","20,182","10,266","2016-10-01",NA,"2016-10-03","35.36","33.16","5.57","2016-10-03","92.11","2016-10-17","6.74","2016-10-14","57.09","2016-10-03","3.23","2016-10-03","0.76","2016-11-18","111.35"
"172","2016-10-01","11928.9","2016-10-01","8079.923","2016-10-01","2,461,367","2016-10-01","1,664","4,732","2,040","2,314","20,182","10,266","2016-10-01",NA,"2016-10-10","33.99","31.77","5.58","2016-10-10","94.47","2016-10-24","6.77","2016-10-21","58.55","2016-10-10","3.2","2016-10-10","0.76","2016-11-25","110.73"
"173","2016-10-01","11928.9","2016-10-01","8079.923","2016-10-01","2,461,367","2016-10-01","1,664","4,732","2,040","2,314","20,182","10,266","2016-10-01",NA,"2016-10-17","34.96","32.87","6.26","2016-10-17","94.38","2016-10-31","6.76","2016-10-28","62.26","2016-10-17","3.17","2016-10-17","0.77","2016-12-02","112.12"
"174","2016-10-01","11928.9","2016-10-01","8079.923","2016-10-01","2,461,367","2016-10-01","1,664","4,732","2,040","2,314","20,182","10,266","2016-10-01",NA,"2016-10-24","34.87","34.53","6.9","2016-10-24","93.84","2016-11-07","6.79","2016-11-04","65.1","2016-10-24","3.15","2016-10-24","0.76","2016-12-09","112.43"
"175","2016-10-01","11928.9","2016-10-01","8079.923","2016-10-01","2,461,367","2016-10-01","1,664","4,732","2,040","2,314","20,182","10,266","2016-10-01",NA,"2016-10-31","33.98","33.93","6.67","2016-10-31","93.12","2016-11-14","6.86","2016-11-11","72.13","2016-10-31","3.24","2016-10-31","0.77","2016-12-16","112.99"
"176","2016-11-01","11667.9","2016-11-01","9076.052","2016-11-01","2,545,348","2016-11-01","1,735","5,443","2,179","2,569","21,225","11,143","2016-11-01",NA,"2016-11-07","37.5","39.08","7.69","2016-11-07","91.97","2016-11-21","6.9","2016-11-18","73.84","2016-11-07","3.28","2016-11-07","0.77","2016-12-23","111.65"
"177","2016-11-01","11667.9","2016-11-01","9076.052","2016-11-01","2,545,348","2016-11-01","1,735","5,443","2,179","2,569","21,225","11,143","2016-11-01",NA,"2016-11-14","35.48","36.55","7.24","2016-11-14","93.3","2016-11-28","6.89","2016-11-25","75.53","2016-11-14","3.43","2016-11-14","0.75","2016-12-30","114.39"
"178","2016-11-01","11667.9","2016-11-01","9076.052","2016-11-01","2,545,348","2016-11-01","1,735","5,443","2,179","2,569","21,225","11,143","2016-11-01",NA,"2016-11-21","38.74","39.35","8.42","2016-11-21","94.49","2016-12-05","6.88","2016-12-02","77.27","2016-11-21","3.4","2016-11-21","0.74","2017-01-06","117.32"
"179","2016-11-01","11667.9","2016-11-01","9076.052","2016-11-01","2,545,348","2016-11-01","1,735","5,443","2,179","2,569","21,225","11,143","2016-11-01",NA,"2016-11-28","38.02","39.02","8.44","2016-11-28","96.25","2016-12-12","6.92","2016-12-09","80.81","2016-11-28","3.46","2016-11-28","0.74","2017-01-13","118.99"
"180","2016-12-01","11938.6","2016-12-01","8894.637","2016-12-01","2,447,814","2016-12-01","1,731","5,666","2,231","2,672","21,296","11,013","2016-12-01",NA,"2016-12-05","38.48","41.15","8.78","2016-12-05","100.36","2016-12-19","6.94","2016-12-16","81.83","2016-12-05","3.39","2016-12-05","0.75","2017-01-20","119.51"
"181","2016-12-01","11938.6","2016-12-01","8894.637","2016-12-01","2,447,814","2016-12-01","1,731","5,666","2,231","2,672","21,296","11,013","2016-12-01",NA,"2016-12-12","36.4","38.76","8.17","2016-12-12","101.39","2016-12-26","6.95","2016-12-23","78.86","2016-12-12","3.36","2016-12-12","0.74","2017-02-10","128.2"
"182","2016-12-01","11938.6","2016-12-01","8894.637","2016-12-01","2,447,814","2016-12-01","1,731","5,666","2,231","2,672","21,296","11,013","2016-12-01",NA,"2016-12-19","35.41","38.12","7.71","2016-12-19","101.33","2017-01-02","6.93","2016-12-30","79.85","2016-12-19","3.32","2016-12-19","0.72","2017-02-17","129.31"
"183","2016-12-01","11938.6","2016-12-01","8894.637","2016-12-01","2,447,814","2016-12-01","1,731","5,666","2,231","2,672","21,296","11,013","2016-12-01",NA,"2016-12-26","35.78","38.46","7.62","2016-12-26","102.72","2017-01-09","6.92","2017-01-06","77.59","2016-12-26","3.27","2016-12-26","0.72","2017-02-24","130.81"
"184","2017-01-01",NA,"2017-01-01","9182.863","2017-01-01","2,553,033","2017-01-01","1,791","5,737","2,237","2,713","20,750","9,984","2017-01-01","26205","2017-01-02","36.96","38.39","7.99","2017-01-02","103.02","2017-01-16","6.87","2017-01-13","79.82","2017-01-02","3.24","2017-01-02","0.73","2017-03-03","131.66"
"185","2017-01-01",NA,"2017-01-01","9182.863","2017-01-01","2,553,033","2017-01-01","1,791","5,737","2,237","2,713","20,750","9,984","2017-01-01","26205","2017-01-09","39.84","42.04","9.58","2017-01-09","104.21","2017-01-23","6.85","2017-01-20","81.73","2017-01-09","3.2","2017-01-09","0.74","2017-03-10","131.29"
"186","2017-01-01",NA,"2017-01-01","9182.863","2017-01-01","2,553,033","2017-01-01","1,791","5,737","2,237","2,713","20,750","9,984","2017-01-01","26205","2017-01-16","39.93","42.93","10.03","2017-01-16","105.26","2017-01-30","6.86","2017-01-27","82.6","2017-01-16","3.21","2017-01-16","0.75","2017-03-17","131.82"
"187","2017-01-01",NA,"2017-01-01","9182.863","2017-01-01","2,553,033","2017-01-01","1,791","5,737","2,237","2,713","20,750","9,984","2017-01-01","26205","2017-01-23","41.24","45.35","10.67","2017-01-23","105.98","2017-02-06","6.87","2017-02-03","83.05","2017-01-23","3.16","2017-01-23","0.76","2017-03-24","133.63"
"188","2017-01-01",NA,"2017-01-01","9182.863","2017-01-01","2,553,033","2017-01-01","1,791","5,737","2,237","2,713","20,750","9,984","2017-01-01","26205","2017-01-30","39.39","42.67","9.73","2017-01-30","106.86","2017-02-13","6.87","2017-02-10","83.58","2017-01-30","3.13","2017-01-30","0.76","2017-03-31","134.56"
"189","2017-02-01","18415.8","2017-02-01","8332.141","2017-02-01","2,469,257","2017-02-01","1,857","5,942","2,322","2,848","19,492","10,620","2017-02-01","25647","2017-02-06","40.09","45.41","10.46","2017-02-06","107.25","2017-02-20","6.87","2017-02-17","91.08","2017-02-06","3.12","2017-02-06","0.76","2017-04-06","133.74"
"190","2017-02-01","18415.8","2017-02-01","8332.141","2017-02-01","2,469,257","2017-02-01","1,857","5,942","2,322","2,848","19,492","10,620","2017-02-01","25647","2017-02-13","40.28","45.5","10.97","2017-02-13","106.95","2017-02-27","6.88","2017-02-24","92.67","2017-02-13","3.09","2017-02-13","0.77","2017-04-14","132.36"
"191","2017-02-01","18415.8","2017-02-01","8332.141","2017-02-01","2,469,257","2017-02-01","1,857","5,942","2,322","2,848","19,492","10,620","2017-02-01","25647","2017-02-20","37.97","41.69","10.52","2017-02-20","106.01","2017-03-06","6.9","2017-03-03","91.71","2017-02-20","3.08","2017-02-20","0.77","2017-04-21","131.35"
"192","2017-02-01","18415.8","2017-02-01","8332.141","2017-02-01","2,469,257","2017-02-01","1,857","5,942","2,322","2,848","19,492","10,620","2017-02-01","25647","2017-02-27","39.06","41.79","10.18","2017-02-27","105.54","2017-03-13","6.9","2017-03-10","88.05","2017-02-27","3.11","2017-02-27","0.76","2017-04-28","133.33"
"193","2017-03-01","11361","2017-03-01","9529.594","2017-03-01","3,101,653","2017-03-01","1,902","5,822","2,277","2,782","19,832","10,230","2017-03-01","28268","2017-03-06","35.64","39.39","9.47","2017-03-06","104.2","2017-03-20","6.89","2017-03-17","90.46","2017-03-06","3.15","2017-03-06","0.75","2017-05-05","136.06"
"194","2017-03-01","11361","2017-03-01","9529.594","2017-03-01","3,101,653","2017-03-01","1,902","5,822","2,277","2,782","19,832","10,230","2017-03-01","28268","2017-03-13","38.18","43.03","10.13","2017-03-13","100.99","2017-03-27","6.89","2017-03-24","87.1","2017-03-13","3.13","2017-03-13","0.76","2017-05-12","137.93"
"195","2017-03-01","11361","2017-03-01","9529.594","2017-03-01","3,101,653","2017-03-01","1,902","5,822","2,277","2,782","19,832","10,230","2017-03-01","28268","2017-03-20","36.51","40.84","9.3","2017-03-20","101.11","2017-04-03","6.89","2017-03-31","81.6","2017-03-20","3.1","2017-03-20","0.77","2017-05-19","139.42"
"196","2017-03-01","11361","2017-03-01","9529.594","2017-03-01","3,101,653","2017-03-01","1,902","5,822","2,277","2,782","19,832","10,230","2017-03-01","28268","2017-03-27","36.32","40.68","9.5","2017-03-27","100.4","2017-04-10","6.89","2017-04-07","79.34","2017-03-27","3.13","2017-03-27","0.76","2017-05-26","140.27"
"197","2017-04-01","10337.2","2017-04-01","8194.52","2017-04-01","3,039,965","2017-04-01","1,931","5,698","2,231","2,633","19,991","9,669","2017-04-01","25234","2017-04-03","36.97","40.61","9.23","2017-04-03","102.06","2017-04-17","6.88","2017-04-14","71.45","2017-04-03","3.12","2017-04-03","0.76","2017-06-02","140.14"
"198","2017-04-01","10337.2","2017-04-01","8194.52","2017-04-01","3,039,965","2017-04-01","1,931","5,698","2,231","2,633","19,991","9,669","2017-04-01","25234","2017-04-10","36.09","38.94","8.72","2017-04-10","103.22","2017-04-24","6.88","2017-04-21","65.53","2017-04-10","3.14","2017-04-10","0.75","2017-06-09","144.11"
"199","2017-04-01","10337.2","2017-04-01","8194.52","2017-04-01","3,039,965","2017-04-01","1,931","5,698","2,231","2,633","19,991","9,669","2017-04-01","25234","2017-04-17","35.76","39.53","8.87","2017-04-17","102.29","2017-05-01","6.89","2017-04-28","66.89","2017-04-17","3.13","2017-04-17","0.75","2017-06-16","142.36"
"200","2017-04-01","10337.2","2017-04-01","8194.52","2017-04-01","3,039,965","2017-04-01","1,931","5,698","2,231","2,633","19,991","9,669","2017-04-01","25234","2017-04-24","35.6","39.82","8.58","2017-04-24","99.66","2017-05-08","6.9","2017-05-05","66.08","2017-04-24","3.16","2017-04-24","0.75","2017-06-23","145.39"
"201","2017-05-01","10748.1","2017-05-01","9128.375","2017-05-01","3,144,916","2017-05-01","1,914","5,592","2,132","2,590","20,231","9,154","2017-05-01","29909","2017-05-01","34.49","38.9","8.17","2017-05-01","98.4","2017-05-15","6.87","2017-05-12","60.67","2017-05-01","3.17","2017-05-01","0.75","2017-06-30","144.13"
"202","2017-05-01","10748.1","2017-05-01","9128.375","2017-05-01","3,144,916","2017-05-01","1,914","5,592","2,132","2,590","20,231","9,154","2017-05-01","29909","2017-05-08","35.2","38.69","8.26","2017-05-08","96.12","2017-05-22","6.87","2017-05-19","61.69","2017-05-08","3.16","2017-05-08","0.74","2017-07-07","142.29"
"203","2017-05-01","10748.1","2017-05-01","9128.375","2017-05-01","3,144,916","2017-05-01","1,914","5,592","2,132","2,590","20,231","9,154","2017-05-01","29909","2017-05-15","36.71","41.38","8.42","2017-05-15","96.97","2017-05-29","6.83","2017-05-26","60.77","2017-05-15","3.19","2017-05-15","0.74","2017-07-14","142.87"
"204","2017-05-01","10748.1","2017-05-01","9128.375","2017-05-01","3,144,916","2017-05-01","1,914","5,592","2,132","2,590","20,231","9,154","2017-05-01","29909","2017-05-22","35.84","40.98","8.53","2017-05-22","98.67","2017-06-05","6.79","2017-06-02","57.56","2017-05-22","3.27","2017-05-22","0.75","2017-07-21","143.2"
"205","2017-05-01","10748.1","2017-05-01","9128.375","2017-05-01","3,144,916","2017-05-01","1,914","5,592","2,132","2,590","20,231","9,154","2017-05-01","29909","2017-05-29","35.47","40.8","8.21","2017-05-29","96.7","2017-06-12","6.79","2017-06-09","55.63","2017-05-29","3.25","2017-05-29","0.74","2017-07-28","142.31"
"206","2017-06-01","12469.3","2017-06-01","9447.657","2017-06-01","3,559,005","2017-06-01","1,887","5,699","2,131","2,572","19,702","8,931","2017-06-01","30363","2017-06-05","35.39","41.73","8.31","2017-06-05","94.87","2017-06-19","6.81","2017-06-16","54.73","2017-06-05","3.28","2017-06-05","0.75","2017-08-04","140.37"
"207","2017-06-01","12469.3","2017-06-01","9447.657","2017-06-01","3,559,005","2017-06-01","1,887","5,699","2,131","2,572","19,702","8,931","2017-06-01","30363","2017-06-12","34.7","39.3","7.88","2017-06-12","93.95","2017-06-26","6.81","2017-06-23","56.57","2017-06-12","3.3","2017-06-12","0.76","2017-08-11","138.34"
"208","2017-06-01","12469.3","2017-06-01","9447.657","2017-06-01","3,559,005","2017-06-01","1,887","5,699","2,131","2,572","19,702","8,931","2017-06-01","30363","2017-06-19","34.16","39.17","8.17","2017-06-19","92.96","2017-07-03","6.79","2017-06-30","62.25","2017-06-19","3.33","2017-06-19","0.76","2017-08-18","136.35"
"209","2017-06-01","12469.3","2017-06-01","9447.657","2017-06-01","3,559,005","2017-06-01","1,887","5,699","2,131","2,572","19,702","8,931","2017-06-01","30363","2017-06-26","35.59","42.31","8.75","2017-06-26","93.04","2017-07-10","6.79","2017-07-07","63.11","2017-06-26","3.3","2017-06-26","0.76","2017-08-25","134.73"
"210","2017-07-01","11466.4","2017-07-01","8607.297","2017-07-01","3,159,315","2017-07-01","1,904","5,979","2,266","2,785","20,273","9,482","2017-07-01","30434","2017-07-03","37.22","43.5","8.77","2017-07-03","95","2017-07-17","6.75","2017-07-14","65.03","2017-07-03","3.3","2017-07-03","0.76","2017-09-01","134.19"
"211","2017-07-01","11466.4","2017-07-01","8607.297","2017-07-01","3,159,315","2017-07-01","1,904","5,979","2,266","2,785","20,273","9,482","2017-07-01","30434","2017-07-10","39.4","45.17","9.25","2017-07-10","94.34","2017-07-24","6.74","2017-07-21","68.22","2017-07-10","3.22","2017-07-10","0.77","2017-09-08","133.9"
"212","2017-07-01","11466.4","2017-07-01","8607.297","2017-07-01","3,159,315","2017-07-01","1,904","5,979","2,266","2,785","20,273","9,482","2017-07-01","30434","2017-07-17","38.79","44.14","9.02","2017-07-17","95.92","2017-07-31","6.72","2017-07-28","69.34","2017-07-17","3.15","2017-07-17","0.79","2017-09-15","132.61"
"213","2017-07-01","11466.4","2017-07-01","8607.297","2017-07-01","3,159,315","2017-07-01","1,904","5,979","2,266","2,785","20,273","9,482","2017-07-01","30434","2017-07-24","41.14","46.61","9.67","2017-07-24","97.32","2017-08-07","6.7","2017-08-04","73.42","2017-07-24","3.15","2017-07-24","0.8","2017-09-22","131.74"
"214","2017-07-01","11466.4","2017-07-01","8607.297","2017-07-01","3,159,315","2017-07-01","1,904","5,979","2,266","2,785","20,273","9,482","2017-07-01","30434","2017-07-31","41.21","46.83","9.97","2017-07-31","99.13","2017-08-14","6.67","2017-08-11","75.88","2017-07-31","3.12","2017-07-31","0.8","2017-09-29","133.57"
"215","2017-08-01","11549.1","2017-08-01","8851.201","2017-08-01","3,061,225","2017-08-01","2,030","6,478","2,357","2,982","20,570","10,853","2017-08-01","28842","2017-08-07","40.35","44.61","9.69","2017-08-07","100.25","2017-08-21","6.66","2017-08-18","74.94","2017-08-07","3.16","2017-08-07","0.79","2017-10-13","131.47"
"216","2017-08-01","11549.1","2017-08-01","8851.201","2017-08-01","3,061,225","2017-08-01","2,030","6,478","2,357","2,982","20,570","10,853","2017-08-01","28842","2017-08-14","40.4","44.64","10.03","2017-08-14","100.27","2017-08-28","6.61","2017-08-25","78.59","2017-08-14","3.17","2017-08-14","0.79","2017-10-20","131.78"
"217","2017-08-01","11549.1","2017-08-01","8851.201","2017-08-01","3,061,225","2017-08-01","2,030","6,478","2,357","2,982","20,570","10,853","2017-08-01","28842","2017-08-21","42.56","47.69","10.68","2017-08-21","101.63","2017-09-04","6.53","2017-09-01","77.13","2017-08-21","3.16","2017-08-21","0.79","2017-10-27","135.94"
"218","2017-08-01","11549.1","2017-08-01","8851.201","2017-08-01","3,061,225","2017-08-01","2,030","6,478","2,357","2,982","20,570","10,853","2017-08-01","28842","2017-08-28","44.16","49.53","11.3","2017-08-28","102.72","2017-09-11","6.53","2017-09-08","76.61","2017-08-28","3.16","2017-08-28","0.79","2017-11-03","137.42"
"219","2017-09-01","11912.6","2017-09-01","10282.96","2017-09-01","2,799,753","2017-09-01","2,100","6,583","2,377","3,120","20,855","11,234","2017-09-01","29762","2017-09-04","42.99","48.27","11.11","2017-09-04","104.58","2017-09-18","6.57","2017-09-15","74.71","2017-09-04","3.11","2017-09-04","0.8","2017-11-10","138.417"
"220","2017-09-01","11912.6","2017-09-01","10282.96","2017-09-01","2,799,753","2017-09-01","2,100","6,583","2,377","3,120","20,855","11,234","2017-09-01","29762","2017-09-11","41.82","47.63","10.85","2017-09-11","106.46","2017-09-25","6.62","2017-09-22","67.98","2017-09-11","3.12","2017-09-11","0.8","2017-11-17","138.153"
"221","2017-09-01","11912.6","2017-09-01","10282.96","2017-09-01","2,799,753","2017-09-01","2,100","6,583","2,377","3,120","20,855","11,234","2017-09-01","29762","2017-09-18","41.68","47.82","10.16","2017-09-18","106.73","2017-10-09","6.61","2017-09-29","63.42","2017-09-18","3.13","2017-09-18","0.8","2017-11-24","139.849"
"222","2017-09-01","11912.6","2017-09-01","10282.96","2017-09-01","2,799,753","2017-09-01","2,100","6,583","2,377","3,120","20,855","11,234","2017-09-01","29762","2017-09-25","40.53","47.19","10.07","2017-09-25","107.84","2017-10-16","6.6","2017-10-06","61.97","2017-09-25","3.17","2017-09-25","0.79","2017-12-01","141.355"
"223","2017-10-01","12007.4","2017-10-01","7949.378","2017-10-01","2,856,041","2017-10-01","2,130","6,797","2,506","3,274","20,469","11,325","2017-10-01","32170","2017-10-02","41.34","49.08","10.13","2017-10-02","107.24","2017-10-23","6.63","2017-10-13","61.19","2017-10-02","3.15","2017-10-02","0.78","2017-12-08","142.176"
"224","2017-10-01","12007.4","2017-10-01","7949.378","2017-10-01","2,856,041","2017-10-01","2,130","6,797","2,506","3,274","20,469","11,325","2017-10-01","32170","2017-10-09","42.2","50.01","10.45","2017-10-09","106.94","2017-10-30","6.63","2017-10-20","62.25","2017-10-09","3.17","2017-10-09","0.78","2017-12-15","143.387"
"225","2017-10-01","12007.4","2017-10-01","7949.378","2017-10-01","2,856,041","2017-10-01","2,130","6,797","2,506","3,274","20,469","11,325","2017-10-01","32170","2017-10-16","41.27","48.37","10.28","2017-10-16","107.77","2017-11-06","6.63","2017-10-27","61.64","2017-10-16","3.17","2017-10-16","0.78","2017-12-22","145.37"
"226","2017-10-01","12007.4","2017-10-01","7949.378","2017-10-01","2,856,041","2017-10-01","2,130","6,797","2,506","3,274","20,469","11,325","2017-10-01","32170","2017-10-23","40.66","47.45","10.01","2017-10-23","108.14","2017-11-13","6.63","2017-11-03","59.26","2017-10-23","3.25","2017-10-23","0.77","2017-12-29","146.551"
"227","2017-10-01","12007.4","2017-10-01","7949.378","2017-10-01","2,856,041","2017-10-01","2,130","6,797","2,506","3,274","20,469","11,325","2017-10-01","32170","2017-10-30","42.15","49.24","10.09","2017-10-30","109.59","2017-11-20","6.62","2017-11-10","62.64","2017-10-30","3.28","2017-10-30","0.77","2018-01-05","149.232"
"228","2017-11-01","10965.8","2017-11-01","9454","2017-11-01","2,505,479","2017-11-01","2,101","6,826","2,464","3,236","19,575","11,993","2017-11-01","28003","2017-11-06","42.78","49.51","10.07","2017-11-06","111.69","2017-11-27","6.6","2017-11-17","62.28","2017-11-06","3.26","2017-11-06","0.77","2018-01-12","151.97"
"229","2017-11-01","10965.8","2017-11-01","9454","2017-11-01","2,505,479","2017-11-01","2,101","6,826","2,464","3,236","19,575","11,993","2017-11-01","28003","2017-11-13","41.38","47.59","10.11","2017-11-13","111.87","2017-12-04","6.62","2017-11-24","65.35","2017-11-13","3.29","2017-11-13","0.76","2018-01-19","153.6086"
"230","2017-11-01","10965.8","2017-11-01","9454","2017-11-01","2,505,479","2017-11-01","2,101","6,826","2,464","3,236","19,575","11,993","2017-11-01","28003","2017-11-20","42.71","49.43","10.98","2017-11-20","110.92","2017-12-11","6.61","2017-12-01","68.24","2017-11-20","3.24","2017-11-20","0.76","2018-01-26","151.822"
"231","2017-11-01","10965.8","2017-11-01","9454","2017-11-01","2,505,479","2017-11-01","2,101","6,826","2,464","3,236","19,575","11,993","2017-11-01","28003","2017-11-27","41.96","48.3","10.9","2017-11-27","112.09","2017-12-18","6.6","2017-12-08","69.77","2017-11-27","3.24","2017-11-27","0.76","2018-02-02","151.428"
"232","2017-12-01","10922.4","2017-12-01","8414","2017-12-01","2,222,866","2017-12-01","2,071","6,801","2,509","3,192","19,440","11,409","2017-12-01","31660","2017-12-04","41.06","47.17","10.78","2017-12-04","110.98","2017-12-25","6.55","2017-12-15","70.47","2017-12-04","3.26","2017-12-04","0.76","2018-02-09","152.381"
"233","2017-12-01","10922.4","2017-12-01","8414","2017-12-01","2,222,866","2017-12-01","2,071","6,801","2,509","3,192","19,440","11,409","2017-12-01","31660","2017-12-11","43.08","49.12","11.17","2017-12-11","111.36","2018-01-01","6.5","2017-12-22","74.02","2017-12-11","3.31","2017-12-11","0.76","2018-03-02","159.562"
"234","2017-12-01","10922.4","2017-12-01","8414","2017-12-01","2,222,866","2017-12-01","2,071","6,801","2,509","3,192","19,440","11,409","2017-12-01","31660","2017-12-18","45","51.09","11.92","2017-12-18","112.61","2018-01-08","6.5","2017-12-29","73.77","2017-12-18","3.31","2017-12-18","0.77","2018-03-09","158.322"
"235","2017-12-01","10922.4","2017-12-01","8414","2017-12-01","2,222,866","2017-12-01","2,071","6,801","2,509","3,192","19,440","11,409","2017-12-01","31660","2017-12-25","45.99","52.93","12.23","2017-12-25","114.3","2018-01-15","6.44","2018-01-05","75.49","2017-12-25","3.32","2017-12-25","0.78","2018-03-16","159.726"
"236","2018-01-01",NA,"2018-01-01","10034","2018-01-01","2,611,857","2018-01-01","2,215","7,080","2,590","3,447","20,711","12,880","2018-01-01","26554","2018-01-01","48.14","54.54","13.09","2018-01-01","116.09","2018-01-22","6.38","2018-01-12","78.33","2018-01-01","3.25","2018-01-01","0.78","2018-03-23","161.354"
"237","2018-01-01",NA,"2018-01-01","10034","2018-01-01","2,611,857","2018-01-01","2,215","7,080","2,590","3,447","20,711","12,880","2018-01-01","26554","2018-01-08","50.69","57.67","13.53","2018-01-08","117.45","2018-01-29","6.32","2018-01-19","75.69","2018-01-08","3.23","2018-01-08","0.79","2018-03-30","162.818"
"238","2018-01-01",NA,"2018-01-01","10034","2018-01-01","2,611,857","2018-01-01","2,215","7,080","2,590","3,447","20,711","12,880","2018-01-01","26554","2018-01-15","49.65","56.05","13.36","2018-01-15","118.63","2018-02-05","6.3","2018-01-26","75.47","2018-01-15","3.21","2018-01-15","0.8","2018-04-06","161.1613"
"239","2018-01-01",NA,"2018-01-01","10034","2018-01-01","2,611,857","2018-01-01","2,215","7,080","2,590","3,447","20,711","12,880","2018-01-01","26554","2018-01-22","50","56.31","13.11","2018-01-22","119.94","2018-02-12","6.32","2018-02-02","73.5","2018-01-22","3.18","2018-01-22","0.8","2018-04-13","160.4297"
"240","2018-01-01",NA,"2018-01-01","10034","2018-01-01","2,611,857","2018-01-01","2,215","7,080","2,590","3,447","20,711","12,880","2018-01-01","26554","2018-01-29","47.83","54.33","12.54","2018-01-29","120.29","2018-02-19","6.35","2018-02-09","76.54","2018-01-29","3.18","2018-01-29","0.8","2018-04-20","159.8318"
"241","2018-02-01","12346.4","2018-02-01","8426.835","2018-02-01","2,247,979","2018-02-01","2,185","7,002","2,581","3,540","21,694","13,577","2018-02-01","23072","2018-02-05","45.76","53.72","12.91","2018-02-05","117.75","2018-02-26","6.33","2018-02-16","77.61","2018-02-05","3.27","2018-02-05","0.78","2018-04-27","159.08"
"242","2018-02-01","12346.4","2018-02-01","8426.835","2018-02-01","2,247,979","2018-02-01","2,185","7,002","2,581","3,540","21,694","13,577","2018-02-01","23072","2018-02-12","48.69","57.82","14.12","2018-02-12","113.67","2018-03-05","6.34","2018-02-23","78.51","2018-02-12","3.25","2018-02-12","0.79","2018-05-03","160.16"
"243","2018-02-01","12346.4","2018-02-01","8426.835","2018-02-01","2,247,979","2018-02-01","2,185","7,002","2,581","3,540","21,694","13,577","2018-02-01","23072","2018-02-19","48.3","57.07","14.2","2018-02-19","115.42","2018-03-12","6.32","2018-03-02","79.13","2018-02-19","3.25","2018-02-19","0.79","2018-05-11","158.76"
"244","2018-02-01","12346.4","2018-02-01","8426.835","2018-02-01","2,247,979","2018-02-01","2,185","7,002","2,581","3,540","21,694","13,577","2018-02-01","23072","2018-02-26","45.43","51.48","13.39","2018-02-26","116.03","2018-03-19","6.33","2018-03-09","74.45","2018-02-26","3.25","2018-02-26","0.78","2018-05-18","157.56"
"245","2018-03-01","6688.5","2018-03-01","8578.8","2018-03-01","3,023,348","2018-03-01","2,077","6,796","2,397","3,280","21,214","13,404","2018-03-01","28074","2018-03-05","45.28","52.07","12.89","2018-03-05","114.86","2018-03-26","6.29","2018-03-16","70.66","2018-03-05","3.24","2018-03-05","0.78","2018-05-25","158.89"
"246","2018-03-01","6688.5","2018-03-01","8578.8","2018-03-01","3,023,348","2018-03-01","2,077","6,796","2,397","3,280","21,214","13,404","2018-03-01","28074","2018-03-12","45.42","52.58","12.8","2018-03-12","114.15","2018-04-02","6.28","2018-03-23","66.68","2018-03-12","3.27","2018-03-12","0.78","2018-06-01","160.4"
"247","2018-03-01","6688.5","2018-03-01","8578.8","2018-03-01","3,023,348","2018-03-01","2,077","6,796","2,397","3,280","21,214","13,404","2018-03-01","28074","2018-03-19","44","50.51","12.51","2018-03-19","114.81","2018-04-09","6.3","2018-03-30","64.21","2018-03-19","3.3","2018-03-19","0.77","2018-06-08","159.15"
"248","2018-03-01","6688.5","2018-03-01","8578.8","2018-03-01","3,023,348","2018-03-01","2,077","6,796","2,397","3,280","21,214","13,404","2018-03-01","28074","2018-03-26","44.43","51.53","12.72","2018-03-26","115.95","2018-04-16","6.28","2018-04-06","64.05","2018-03-26","3.31","2018-03-26","0.77","2018-06-15","157.23"
"249","2018-04-01","6746.8","2018-04-01","8292","2018-04-01","3,405,565","2018-04-01","2,246","6,839","2,357","3,191","21,340","13,935","2018-04-01","25293","2018-04-02","43.64","50.55","12.66","2018-04-02","115.63","2018-04-23","6.32","2018-04-13","64.69","2018-04-02","3.34","2018-04-02","0.77","2018-06-22","154.9"
"250","2018-04-01","6746.8","2018-04-01","8292","2018-04-01","3,405,565","2018-04-01","2,246","6,839","2,357","3,191","21,340","13,935","2018-04-01","25293","2018-04-09","46.8","54.26","13.12","2018-04-09","116.51","2018-04-30","6.36","2018-04-20","65.97","2018-04-09","3.41","2018-04-09","0.77","2018-06-29","155.79"
"251","2018-04-01","6746.8","2018-04-01","8292","2018-04-01","3,405,565","2018-04-01","2,246","6,839","2,357","3,191","21,340","13,935","2018-04-01","25293","2018-04-16","47.7","56.6","14","2018-04-16","119.17","2018-05-07","6.37","2018-04-27","66.5","2018-04-16","3.4","2018-04-16","0.77","",NA
"252","2018-04-01","6746.8","2018-04-01","8292","2018-04-01","3,405,565","2018-04-01","2,246","6,839","2,357","3,191","21,340","13,935","2018-04-01","25293","2018-04-23","46.53","55.14","13.95","2018-04-23","119.83","2018-05-14","6.36","2018-05-04","66.43","2018-04-23","3.47","2018-04-23","0.76","",NA
"253","2018-04-01","6746.8","2018-04-01","8292","2018-04-01","3,405,565","2018-04-01","2,246","6,839","2,357","3,191","21,340","13,935","2018-04-01","25293","2018-04-30","48.27","55.62","14.08","2018-04-30","120.3","2018-05-21","6.38","2018-05-11","66.95","2018-04-30","3.52","2018-04-30","0.75","",NA
"254","2018-05-01",NA,"2018-05-01",NA,"2018-05-01","2,657,740","2018-05-01","2,291","6,822","2,364","3,058","20,900","14,356","2018-05-01","29953","2018-05-07","50.41","57.39","14.61","2018-05-07","121.7","2018-05-28","6.41","2018-05-18","67.93","2018-05-07","3.57","2018-05-07","0.75","",NA
"255","2018-05-01",NA,"2018-05-01",NA,"2018-05-01","2,657,740","2018-05-01","2,291","6,822","2,364","3,058","20,900","14,356","2018-05-01","29953","2018-05-14","50.81","58.41","14.58","2018-05-14","124.83","2018-06-04","6.41","2018-05-25","64.66","2018-05-14","3.68","2018-05-14","0.75","",NA
"256","2018-05-01",NA,"2018-05-01",NA,"2018-05-01","2,657,740","2018-05-01","2,291","6,822","2,364","3,058","20,900","14,356","2018-05-01","29953","2018-05-21","49.02","56.98","14.03","2018-05-21","126.18","2018-06-11","6.41","2018-06-01","65.29","2018-05-21","3.65","2018-05-21","0.76","",NA
"257","2018-05-01",NA,"2018-05-01",NA,"2018-05-01","2,657,740","2018-05-01","2,291","6,822","2,364","3,058","20,900","14,356","2018-05-01","29953","2018-05-28","50.24","57.54","14.03","2018-05-28","124.83","2018-06-18","6.46","2018-06-08","66.3","2018-05-28","3.73","2018-05-28","0.76","",NA
"258","2018-06-01",NA,"2018-06-01",NA,"2018-06-01","","2018-06-01","2,240","6,955","2,441","3,092","20,663","15,111","2018-06-01",NA,"2018-06-04","51.67","59.22","13.75","2018-06-04","124.39","2018-06-25","6.56","2018-06-15","67.37","2018-06-04","3.8","2018-06-04","0.76","",NA
"259","2018-06-01",NA,"2018-06-01",NA,"2018-06-01","","2018-06-01","2,240","6,955","2,441","3,092","20,663","15,111","2018-06-01",NA,"2018-06-11","48.7","56.79","13.17","2018-06-11","124.41","2018-07-02","6.62","2018-06-22","66.13","2018-06-11","3.74","2018-06-11","0.75","",NA
"260","2018-06-01",NA,"2018-06-01",NA,"2018-06-01","","2018-06-01","2,240","6,955","2,441","3,092","20,663","15,111","2018-06-01",NA,"2018-06-18","48.93","55.46","12.81","2018-06-18","122.9","",NA,"2018-06-29","65.23","2018-06-18","3.76","2018-06-18","0.74","",NA
"261","2018-06-01",NA,"2018-06-01",NA,"2018-06-01","","2018-06-01","2,240","6,955","2,441","3,092","20,663","15,111","2018-06-01",NA,"2018-06-25","50.01","55.48","12.82","2018-06-25","121.65","",NA,"",NA,"2018-06-25","3.84","2018-06-25","0.74","",NA
"262","2018-06-01",NA,"2018-06-01",NA,"2018-06-01","","2018-06-01","2,240","6,955","2,441","3,092","20,663","15,111","2018-06-01",NA,"2018-06-29","50.01","55.48","12.82","2018-07-02","123.41","",NA,"",NA,"2018-07-02","3.91","2018-07-02","0.74","",NA
"263",NA,NA,NA,NA,NA,NA,NA,NA,NA,NA,NA,NA,NA,NA,NA,NA,NA,NA,NA,NA,NA,NA,NA,NA,NA,NA,NA,NA,NA,NA,NA
